"dataset_id","dataset_name","original_code","original_name","reason"
3,"Sustainable Development Goals (SDG)",NA,"Sub-Saharan Africa","Could not map country name to standard code"
3,"Sustainable Development Goals (SDG)",NA,"Sub-Saharan Africa","Could not map country name to standard code"
3,"Sustainable Development Goals (SDG)",NA,"Sub-Saharan Africa","Could not map country name to standard code"
3,"Sustainable Development Goals (SDG)",NA,"Sub-Saharan Africa","Could not map country name to standard code"
3,"Sustainable Development Goals (SDG)",NA,"Sub-Saharan Africa","Could not map country name to standard code"
3,"Sustainable Development Goals (SDG)",NA,"Sub-Saharan Africa","Could not map country name to standard code"
3,"Sustainable Development Goals (SDG)",NA,"Sub-Saharan Africa","Could not map country name to standard code"
3,"Sustainable Development Goals (SDG)",NA,"Sub-Saharan Africa","Could not map country name to standard code"
3,"Sustainable Development Goals (SDG)",NA,"Sub-Saharan Africa","Could not map country name to standard code"
3,"Sustainable Development Goals (SDG)",NA,"Sub-Saharan Africa","Could not map country name to standard code"
3,"Sustainable Development Goals (SDG)",NA,"BRICS members","Could not map country name to standard code"
3,"Sustainable Development Goals (SDG)",NA,"BRICS members","Could not map country name to standard code"
3,"Sustainable Development Goals (SDG)",NA,"BRICS members","Could not map country name to standard code"
3,"Sustainable Development Goals (SDG)",NA,"BRICS members","Could not map country name to standard code"
3,"Sustainable Development Goals (SDG)",NA,"BRICS members","Could not map country name to standard code"
3,"Sustainable Development Goals (SDG)",NA,"BRICS members","Could not map country name to standard code"
3,"Sustainable Development Goals (SDG)",NA,"BRICS members","Could not map country name to standard code"
3,"Sustainable Development Goals (SDG)",NA,"BRICS members","Could not map country name to standard code"
3,"Sustainable Development Goals (SDG)",NA,"BRICS members","Could not map country name to standard code"
3,"Sustainable Development Goals (SDG)",NA,"BRICS members","Could not map country name to standard code"
3,"Sustainable Development Goals (SDG)",NA,"BRICSplus members","Could not map country name to standard code"
3,"Sustainable Development Goals (SDG)",NA,"BRICSplus members","Could not map country name to standard code"
3,"Sustainable Development Goals (SDG)",NA,"BRICSplus members","Could not map country name to standard code"
3,"Sustainable Development Goals (SDG)",NA,"BRICSplus members","Could not map country name to standard code"
3,"Sustainable Development Goals (SDG)",NA,"BRICSplus members","Could not map country name to standard code"
3,"Sustainable Development Goals (SDG)",NA,"BRICSplus members","Could not map country name to standard code"
3,"Sustainable Development Goals (SDG)",NA,"BRICSplus members","Could not map country name to standard code"
3,"Sustainable Development Goals (SDG)",NA,"BRICSplus members","Could not map country name to standard code"
3,"Sustainable Development Goals (SDG)",NA,"BRICSplus members","Could not map country name to standard code"
3,"Sustainable Development Goals (SDG)",NA,"BRICSplus members","Could not map country name to standard code"
3,"Sustainable Development Goals (SDG)",NA,"Eastern Europe and Central Asia","Could not map country name to standard code"
3,"Sustainable Development Goals (SDG)",NA,"Eastern Europe and Central Asia","Could not map country name to standard code"
3,"Sustainable Development Goals (SDG)",NA,"Eastern Europe and Central Asia","Could not map country name to standard code"
3,"Sustainable Development Goals (SDG)",NA,"Eastern Europe and Central Asia","Could not map country name to standard code"
3,"Sustainable Development Goals (SDG)",NA,"Eastern Europe and Central Asia","Could not map country name to standard code"
3,"Sustainable Development Goals (SDG)",NA,"Eastern Europe and Central Asia","Could not map country name to standard code"
3,"Sustainable Development Goals (SDG)",NA,"Eastern Europe and Central Asia","Could not map country name to standard code"
3,"Sustainable Development Goals (SDG)",NA,"Eastern Europe and Central Asia","Could not map country name to standard code"
3,"Sustainable Development Goals (SDG)",NA,"Eastern Europe and Central Asia","Could not map country name to standard code"
3,"Sustainable Development Goals (SDG)",NA,"Eastern Europe and Central Asia","Could not map country name to standard code"
3,"Sustainable Development Goals (SDG)",NA,"East and South Asia","Could not map country name to standard code"
3,"Sustainable Development Goals (SDG)",NA,"East and South Asia","Could not map country name to standard code"
3,"Sustainable Development Goals (SDG)",NA,"East and South Asia","Could not map country name to standard code"
3,"Sustainable Development Goals (SDG)",NA,"East and South Asia","Could not map country name to standard code"
3,"Sustainable Development Goals (SDG)",NA,"East and South Asia","Could not map country name to standard code"
3,"Sustainable Development Goals (SDG)",NA,"East and South Asia","Could not map country name to standard code"
3,"Sustainable Development Goals (SDG)",NA,"East and South Asia","Could not map country name to standard code"
3,"Sustainable Development Goals (SDG)",NA,"East and South Asia","Could not map country name to standard code"
3,"Sustainable Development Goals (SDG)",NA,"East and South Asia","Could not map country name to standard code"
3,"Sustainable Development Goals (SDG)",NA,"East and South Asia","Could not map country name to standard code"
3,"Sustainable Development Goals (SDG)",NA,"High-income Countries","Could not map country name to standard code"
3,"Sustainable Development Goals (SDG)",NA,"High-income Countries","Could not map country name to standard code"
3,"Sustainable Development Goals (SDG)",NA,"High-income Countries","Could not map country name to standard code"
3,"Sustainable Development Goals (SDG)",NA,"High-income Countries","Could not map country name to standard code"
3,"Sustainable Development Goals (SDG)",NA,"High-income Countries","Could not map country name to standard code"
3,"Sustainable Development Goals (SDG)",NA,"High-income Countries","Could not map country name to standard code"
3,"Sustainable Development Goals (SDG)",NA,"High-income Countries","Could not map country name to standard code"
3,"Sustainable Development Goals (SDG)",NA,"High-income Countries","Could not map country name to standard code"
3,"Sustainable Development Goals (SDG)",NA,"High-income Countries","Could not map country name to standard code"
3,"Sustainable Development Goals (SDG)",NA,"High-income Countries","Could not map country name to standard code"
3,"Sustainable Development Goals (SDG)",NA,"Latin America and the Caribbean","Could not map country name to standard code"
3,"Sustainable Development Goals (SDG)",NA,"Latin America and the Caribbean","Could not map country name to standard code"
3,"Sustainable Development Goals (SDG)",NA,"Latin America and the Caribbean","Could not map country name to standard code"
3,"Sustainable Development Goals (SDG)",NA,"Latin America and the Caribbean","Could not map country name to standard code"
3,"Sustainable Development Goals (SDG)",NA,"Latin America and the Caribbean","Could not map country name to standard code"
3,"Sustainable Development Goals (SDG)",NA,"Latin America and the Caribbean","Could not map country name to standard code"
3,"Sustainable Development Goals (SDG)",NA,"Latin America and the Caribbean","Could not map country name to standard code"
3,"Sustainable Development Goals (SDG)",NA,"Latin America and the Caribbean","Could not map country name to standard code"
3,"Sustainable Development Goals (SDG)",NA,"Latin America and the Caribbean","Could not map country name to standard code"
3,"Sustainable Development Goals (SDG)",NA,"Latin America and the Caribbean","Could not map country name to standard code"
3,"Sustainable Development Goals (SDG)",NA,"Low-income Countries","Could not map country name to standard code"
3,"Sustainable Development Goals (SDG)",NA,"Low-income Countries","Could not map country name to standard code"
3,"Sustainable Development Goals (SDG)",NA,"Low-income Countries","Could not map country name to standard code"
3,"Sustainable Development Goals (SDG)",NA,"Low-income Countries","Could not map country name to standard code"
3,"Sustainable Development Goals (SDG)",NA,"Low-income Countries","Could not map country name to standard code"
3,"Sustainable Development Goals (SDG)",NA,"Low-income Countries","Could not map country name to standard code"
3,"Sustainable Development Goals (SDG)",NA,"Low-income Countries","Could not map country name to standard code"
3,"Sustainable Development Goals (SDG)",NA,"Low-income Countries","Could not map country name to standard code"
3,"Sustainable Development Goals (SDG)",NA,"Low-income Countries","Could not map country name to standard code"
3,"Sustainable Development Goals (SDG)",NA,"Low-income Countries","Could not map country name to standard code"
3,"Sustainable Development Goals (SDG)",NA,"Lower & Lower-middle Income","Could not map country name to standard code"
3,"Sustainable Development Goals (SDG)",NA,"Lower & Lower-middle Income","Could not map country name to standard code"
3,"Sustainable Development Goals (SDG)",NA,"Lower & Lower-middle Income","Could not map country name to standard code"
3,"Sustainable Development Goals (SDG)",NA,"Lower & Lower-middle Income","Could not map country name to standard code"
3,"Sustainable Development Goals (SDG)",NA,"Lower & Lower-middle Income","Could not map country name to standard code"
3,"Sustainable Development Goals (SDG)",NA,"Lower & Lower-middle Income","Could not map country name to standard code"
3,"Sustainable Development Goals (SDG)",NA,"Lower & Lower-middle Income","Could not map country name to standard code"
3,"Sustainable Development Goals (SDG)",NA,"Lower & Lower-middle Income","Could not map country name to standard code"
3,"Sustainable Development Goals (SDG)",NA,"Lower & Lower-middle Income","Could not map country name to standard code"
3,"Sustainable Development Goals (SDG)",NA,"Lower & Lower-middle Income","Could not map country name to standard code"
3,"Sustainable Development Goals (SDG)",NA,"Lower-middle-income Countries","Could not map country name to standard code"
3,"Sustainable Development Goals (SDG)",NA,"Lower-middle-income Countries","Could not map country name to standard code"
3,"Sustainable Development Goals (SDG)",NA,"Lower-middle-income Countries","Could not map country name to standard code"
3,"Sustainable Development Goals (SDG)",NA,"Lower-middle-income Countries","Could not map country name to standard code"
3,"Sustainable Development Goals (SDG)",NA,"Lower-middle-income Countries","Could not map country name to standard code"
3,"Sustainable Development Goals (SDG)",NA,"Lower-middle-income Countries","Could not map country name to standard code"
3,"Sustainable Development Goals (SDG)",NA,"Lower-middle-income Countries","Could not map country name to standard code"
3,"Sustainable Development Goals (SDG)",NA,"Lower-middle-income Countries","Could not map country name to standard code"
3,"Sustainable Development Goals (SDG)",NA,"Lower-middle-income Countries","Could not map country name to standard code"
3,"Sustainable Development Goals (SDG)",NA,"Lower-middle-income Countries","Could not map country name to standard code"
3,"Sustainable Development Goals (SDG)",NA,"Middle East and North Africa","Could not map country name to standard code"
3,"Sustainable Development Goals (SDG)",NA,"Middle East and North Africa","Could not map country name to standard code"
3,"Sustainable Development Goals (SDG)",NA,"Middle East and North Africa","Could not map country name to standard code"
3,"Sustainable Development Goals (SDG)",NA,"Middle East and North Africa","Could not map country name to standard code"
3,"Sustainable Development Goals (SDG)",NA,"Middle East and North Africa","Could not map country name to standard code"
3,"Sustainable Development Goals (SDG)",NA,"Middle East and North Africa","Could not map country name to standard code"
3,"Sustainable Development Goals (SDG)",NA,"Middle East and North Africa","Could not map country name to standard code"
3,"Sustainable Development Goals (SDG)",NA,"Middle East and North Africa","Could not map country name to standard code"
3,"Sustainable Development Goals (SDG)",NA,"Middle East and North Africa","Could not map country name to standard code"
3,"Sustainable Development Goals (SDG)",NA,"Middle East and North Africa","Could not map country name to standard code"
3,"Sustainable Development Goals (SDG)",NA,"OECD members","Could not map country name to standard code"
3,"Sustainable Development Goals (SDG)",NA,"OECD members","Could not map country name to standard code"
3,"Sustainable Development Goals (SDG)",NA,"OECD members","Could not map country name to standard code"
3,"Sustainable Development Goals (SDG)",NA,"OECD members","Could not map country name to standard code"
3,"Sustainable Development Goals (SDG)",NA,"OECD members","Could not map country name to standard code"
3,"Sustainable Development Goals (SDG)",NA,"OECD members","Could not map country name to standard code"
3,"Sustainable Development Goals (SDG)",NA,"OECD members","Could not map country name to standard code"
3,"Sustainable Development Goals (SDG)",NA,"OECD members","Could not map country name to standard code"
3,"Sustainable Development Goals (SDG)",NA,"OECD members","Could not map country name to standard code"
3,"Sustainable Development Goals (SDG)",NA,"OECD members","Could not map country name to standard code"
3,"Sustainable Development Goals (SDG)",NA,"Oceania","Could not map country name to standard code"
3,"Sustainable Development Goals (SDG)",NA,"Oceania","Could not map country name to standard code"
3,"Sustainable Development Goals (SDG)",NA,"Oceania","Could not map country name to standard code"
3,"Sustainable Development Goals (SDG)",NA,"Oceania","Could not map country name to standard code"
3,"Sustainable Development Goals (SDG)",NA,"Oceania","Could not map country name to standard code"
3,"Sustainable Development Goals (SDG)",NA,"Oceania","Could not map country name to standard code"
3,"Sustainable Development Goals (SDG)",NA,"Oceania","Could not map country name to standard code"
3,"Sustainable Development Goals (SDG)",NA,"Oceania","Could not map country name to standard code"
3,"Sustainable Development Goals (SDG)",NA,"Oceania","Could not map country name to standard code"
3,"Sustainable Development Goals (SDG)",NA,"Oceania","Could not map country name to standard code"
3,"Sustainable Development Goals (SDG)",NA,"Small Island Developing States","Could not map country name to standard code"
3,"Sustainable Development Goals (SDG)",NA,"Small Island Developing States","Could not map country name to standard code"
3,"Sustainable Development Goals (SDG)",NA,"Small Island Developing States","Could not map country name to standard code"
3,"Sustainable Development Goals (SDG)",NA,"Small Island Developing States","Could not map country name to standard code"
3,"Sustainable Development Goals (SDG)",NA,"Small Island Developing States","Could not map country name to standard code"
3,"Sustainable Development Goals (SDG)",NA,"Small Island Developing States","Could not map country name to standard code"
3,"Sustainable Development Goals (SDG)",NA,"Small Island Developing States","Could not map country name to standard code"
3,"Sustainable Development Goals (SDG)",NA,"Small Island Developing States","Could not map country name to standard code"
3,"Sustainable Development Goals (SDG)",NA,"Small Island Developing States","Could not map country name to standard code"
3,"Sustainable Development Goals (SDG)",NA,"Small Island Developing States","Could not map country name to standard code"
3,"Sustainable Development Goals (SDG)",NA,"Upper-middle-income Countries","Could not map country name to standard code"
3,"Sustainable Development Goals (SDG)",NA,"Upper-middle-income Countries","Could not map country name to standard code"
3,"Sustainable Development Goals (SDG)",NA,"Upper-middle-income Countries","Could not map country name to standard code"
3,"Sustainable Development Goals (SDG)",NA,"Upper-middle-income Countries","Could not map country name to standard code"
3,"Sustainable Development Goals (SDG)",NA,"Upper-middle-income Countries","Could not map country name to standard code"
3,"Sustainable Development Goals (SDG)",NA,"Upper-middle-income Countries","Could not map country name to standard code"
3,"Sustainable Development Goals (SDG)",NA,"Upper-middle-income Countries","Could not map country name to standard code"
3,"Sustainable Development Goals (SDG)",NA,"Upper-middle-income Countries","Could not map country name to standard code"
3,"Sustainable Development Goals (SDG)",NA,"Upper-middle-income Countries","Could not map country name to standard code"
3,"Sustainable Development Goals (SDG)",NA,"Upper-middle-income Countries","Could not map country name to standard code"
3,"Sustainable Development Goals (SDG)",NA,"World","Could not map country name to standard code"
3,"Sustainable Development Goals (SDG)",NA,"World","Could not map country name to standard code"
3,"Sustainable Development Goals (SDG)",NA,"World","Could not map country name to standard code"
3,"Sustainable Development Goals (SDG)",NA,"World","Could not map country name to standard code"
3,"Sustainable Development Goals (SDG)",NA,"World","Could not map country name to standard code"
3,"Sustainable Development Goals (SDG)",NA,"World","Could not map country name to standard code"
3,"Sustainable Development Goals (SDG)",NA,"World","Could not map country name to standard code"
3,"Sustainable Development Goals (SDG)",NA,"World","Could not map country name to standard code"
3,"Sustainable Development Goals (SDG)",NA,"World","Could not map country name to standard code"
3,"Sustainable Development Goals (SDG)",NA,"World","Could not map country name to standard code"
4,"Sustainable Development Goals (Raw Indicators)",NA,"BRICS","Could not map country name to standard code"
4,"Sustainable Development Goals (Raw Indicators)",NA,"BRICS","Could not map country name to standard code"
4,"Sustainable Development Goals (Raw Indicators)",NA,"BRICS","Could not map country name to standard code"
4,"Sustainable Development Goals (Raw Indicators)",NA,"BRICS","Could not map country name to standard code"
4,"Sustainable Development Goals (Raw Indicators)",NA,"BRICS","Could not map country name to standard code"
4,"Sustainable Development Goals (Raw Indicators)",NA,"BRICS","Could not map country name to standard code"
4,"Sustainable Development Goals (Raw Indicators)",NA,"BRICS","Could not map country name to standard code"
4,"Sustainable Development Goals (Raw Indicators)",NA,"BRICS","Could not map country name to standard code"
4,"Sustainable Development Goals (Raw Indicators)",NA,"BRICS","Could not map country name to standard code"
4,"Sustainable Development Goals (Raw Indicators)",NA,"BRICS","Could not map country name to standard code"
4,"Sustainable Development Goals (Raw Indicators)",NA,"BRICSplus members","Could not map country name to standard code"
4,"Sustainable Development Goals (Raw Indicators)",NA,"BRICSplus members","Could not map country name to standard code"
4,"Sustainable Development Goals (Raw Indicators)",NA,"BRICSplus members","Could not map country name to standard code"
4,"Sustainable Development Goals (Raw Indicators)",NA,"BRICSplus members","Could not map country name to standard code"
4,"Sustainable Development Goals (Raw Indicators)",NA,"BRICSplus members","Could not map country name to standard code"
4,"Sustainable Development Goals (Raw Indicators)",NA,"BRICSplus members","Could not map country name to standard code"
4,"Sustainable Development Goals (Raw Indicators)",NA,"BRICSplus members","Could not map country name to standard code"
4,"Sustainable Development Goals (Raw Indicators)",NA,"BRICSplus members","Could not map country name to standard code"
4,"Sustainable Development Goals (Raw Indicators)",NA,"BRICSplus members","Could not map country name to standard code"
4,"Sustainable Development Goals (Raw Indicators)",NA,"BRICSplus members","Could not map country name to standard code"
4,"Sustainable Development Goals (Raw Indicators)",NA,"East and South Asia","Could not map country name to standard code"
4,"Sustainable Development Goals (Raw Indicators)",NA,"East and South Asia","Could not map country name to standard code"
4,"Sustainable Development Goals (Raw Indicators)",NA,"East and South Asia","Could not map country name to standard code"
4,"Sustainable Development Goals (Raw Indicators)",NA,"East and South Asia","Could not map country name to standard code"
4,"Sustainable Development Goals (Raw Indicators)",NA,"East and South Asia","Could not map country name to standard code"
4,"Sustainable Development Goals (Raw Indicators)",NA,"East and South Asia","Could not map country name to standard code"
4,"Sustainable Development Goals (Raw Indicators)",NA,"East and South Asia","Could not map country name to standard code"
4,"Sustainable Development Goals (Raw Indicators)",NA,"East and South Asia","Could not map country name to standard code"
4,"Sustainable Development Goals (Raw Indicators)",NA,"East and South Asia","Could not map country name to standard code"
4,"Sustainable Development Goals (Raw Indicators)",NA,"East and South Asia","Could not map country name to standard code"
4,"Sustainable Development Goals (Raw Indicators)",NA,"Eastern Europe and Central Asia","Could not map country name to standard code"
4,"Sustainable Development Goals (Raw Indicators)",NA,"Eastern Europe and Central Asia","Could not map country name to standard code"
4,"Sustainable Development Goals (Raw Indicators)",NA,"Eastern Europe and Central Asia","Could not map country name to standard code"
4,"Sustainable Development Goals (Raw Indicators)",NA,"Eastern Europe and Central Asia","Could not map country name to standard code"
4,"Sustainable Development Goals (Raw Indicators)",NA,"Eastern Europe and Central Asia","Could not map country name to standard code"
4,"Sustainable Development Goals (Raw Indicators)",NA,"Eastern Europe and Central Asia","Could not map country name to standard code"
4,"Sustainable Development Goals (Raw Indicators)",NA,"Eastern Europe and Central Asia","Could not map country name to standard code"
4,"Sustainable Development Goals (Raw Indicators)",NA,"Eastern Europe and Central Asia","Could not map country name to standard code"
4,"Sustainable Development Goals (Raw Indicators)",NA,"Eastern Europe and Central Asia","Could not map country name to standard code"
4,"Sustainable Development Goals (Raw Indicators)",NA,"Eastern Europe and Central Asia","Could not map country name to standard code"
4,"Sustainable Development Goals (Raw Indicators)",NA,"High-income Countries","Could not map country name to standard code"
4,"Sustainable Development Goals (Raw Indicators)",NA,"High-income Countries","Could not map country name to standard code"
4,"Sustainable Development Goals (Raw Indicators)",NA,"High-income Countries","Could not map country name to standard code"
4,"Sustainable Development Goals (Raw Indicators)",NA,"High-income Countries","Could not map country name to standard code"
4,"Sustainable Development Goals (Raw Indicators)",NA,"High-income Countries","Could not map country name to standard code"
4,"Sustainable Development Goals (Raw Indicators)",NA,"High-income Countries","Could not map country name to standard code"
4,"Sustainable Development Goals (Raw Indicators)",NA,"High-income Countries","Could not map country name to standard code"
4,"Sustainable Development Goals (Raw Indicators)",NA,"High-income Countries","Could not map country name to standard code"
4,"Sustainable Development Goals (Raw Indicators)",NA,"High-income Countries","Could not map country name to standard code"
4,"Sustainable Development Goals (Raw Indicators)",NA,"High-income Countries","Could not map country name to standard code"
4,"Sustainable Development Goals (Raw Indicators)",NA,"Latin America and the Caribbean","Could not map country name to standard code"
4,"Sustainable Development Goals (Raw Indicators)",NA,"Latin America and the Caribbean","Could not map country name to standard code"
4,"Sustainable Development Goals (Raw Indicators)",NA,"Latin America and the Caribbean","Could not map country name to standard code"
4,"Sustainable Development Goals (Raw Indicators)",NA,"Latin America and the Caribbean","Could not map country name to standard code"
4,"Sustainable Development Goals (Raw Indicators)",NA,"Latin America and the Caribbean","Could not map country name to standard code"
4,"Sustainable Development Goals (Raw Indicators)",NA,"Latin America and the Caribbean","Could not map country name to standard code"
4,"Sustainable Development Goals (Raw Indicators)",NA,"Latin America and the Caribbean","Could not map country name to standard code"
4,"Sustainable Development Goals (Raw Indicators)",NA,"Latin America and the Caribbean","Could not map country name to standard code"
4,"Sustainable Development Goals (Raw Indicators)",NA,"Latin America and the Caribbean","Could not map country name to standard code"
4,"Sustainable Development Goals (Raw Indicators)",NA,"Latin America and the Caribbean","Could not map country name to standard code"
4,"Sustainable Development Goals (Raw Indicators)",NA,"Low-income Countries","Could not map country name to standard code"
4,"Sustainable Development Goals (Raw Indicators)",NA,"Low-income Countries","Could not map country name to standard code"
4,"Sustainable Development Goals (Raw Indicators)",NA,"Low-income Countries","Could not map country name to standard code"
4,"Sustainable Development Goals (Raw Indicators)",NA,"Low-income Countries","Could not map country name to standard code"
4,"Sustainable Development Goals (Raw Indicators)",NA,"Low-income Countries","Could not map country name to standard code"
4,"Sustainable Development Goals (Raw Indicators)",NA,"Low-income Countries","Could not map country name to standard code"
4,"Sustainable Development Goals (Raw Indicators)",NA,"Low-income Countries","Could not map country name to standard code"
4,"Sustainable Development Goals (Raw Indicators)",NA,"Low-income Countries","Could not map country name to standard code"
4,"Sustainable Development Goals (Raw Indicators)",NA,"Low-income Countries","Could not map country name to standard code"
4,"Sustainable Development Goals (Raw Indicators)",NA,"Low-income Countries","Could not map country name to standard code"
4,"Sustainable Development Goals (Raw Indicators)",NA,"Lower-middle-income Countries","Could not map country name to standard code"
4,"Sustainable Development Goals (Raw Indicators)",NA,"Lower-middle-income Countries","Could not map country name to standard code"
4,"Sustainable Development Goals (Raw Indicators)",NA,"Lower-middle-income Countries","Could not map country name to standard code"
4,"Sustainable Development Goals (Raw Indicators)",NA,"Lower-middle-income Countries","Could not map country name to standard code"
4,"Sustainable Development Goals (Raw Indicators)",NA,"Lower-middle-income Countries","Could not map country name to standard code"
4,"Sustainable Development Goals (Raw Indicators)",NA,"Lower-middle-income Countries","Could not map country name to standard code"
4,"Sustainable Development Goals (Raw Indicators)",NA,"Lower-middle-income Countries","Could not map country name to standard code"
4,"Sustainable Development Goals (Raw Indicators)",NA,"Lower-middle-income Countries","Could not map country name to standard code"
4,"Sustainable Development Goals (Raw Indicators)",NA,"Lower-middle-income Countries","Could not map country name to standard code"
4,"Sustainable Development Goals (Raw Indicators)",NA,"Lower-middle-income Countries","Could not map country name to standard code"
4,"Sustainable Development Goals (Raw Indicators)",NA,"Middle East and North Africa","Could not map country name to standard code"
4,"Sustainable Development Goals (Raw Indicators)",NA,"Middle East and North Africa","Could not map country name to standard code"
4,"Sustainable Development Goals (Raw Indicators)",NA,"Middle East and North Africa","Could not map country name to standard code"
4,"Sustainable Development Goals (Raw Indicators)",NA,"Middle East and North Africa","Could not map country name to standard code"
4,"Sustainable Development Goals (Raw Indicators)",NA,"Middle East and North Africa","Could not map country name to standard code"
4,"Sustainable Development Goals (Raw Indicators)",NA,"Middle East and North Africa","Could not map country name to standard code"
4,"Sustainable Development Goals (Raw Indicators)",NA,"Middle East and North Africa","Could not map country name to standard code"
4,"Sustainable Development Goals (Raw Indicators)",NA,"Middle East and North Africa","Could not map country name to standard code"
4,"Sustainable Development Goals (Raw Indicators)",NA,"Middle East and North Africa","Could not map country name to standard code"
4,"Sustainable Development Goals (Raw Indicators)",NA,"Middle East and North Africa","Could not map country name to standard code"
4,"Sustainable Development Goals (Raw Indicators)",NA,"OECD members","Could not map country name to standard code"
4,"Sustainable Development Goals (Raw Indicators)",NA,"OECD members","Could not map country name to standard code"
4,"Sustainable Development Goals (Raw Indicators)",NA,"OECD members","Could not map country name to standard code"
4,"Sustainable Development Goals (Raw Indicators)",NA,"OECD members","Could not map country name to standard code"
4,"Sustainable Development Goals (Raw Indicators)",NA,"OECD members","Could not map country name to standard code"
4,"Sustainable Development Goals (Raw Indicators)",NA,"OECD members","Could not map country name to standard code"
4,"Sustainable Development Goals (Raw Indicators)",NA,"OECD members","Could not map country name to standard code"
4,"Sustainable Development Goals (Raw Indicators)",NA,"OECD members","Could not map country name to standard code"
4,"Sustainable Development Goals (Raw Indicators)",NA,"OECD members","Could not map country name to standard code"
4,"Sustainable Development Goals (Raw Indicators)",NA,"OECD members","Could not map country name to standard code"
4,"Sustainable Development Goals (Raw Indicators)",NA,"Oceania","Could not map country name to standard code"
4,"Sustainable Development Goals (Raw Indicators)",NA,"Oceania","Could not map country name to standard code"
4,"Sustainable Development Goals (Raw Indicators)",NA,"Oceania","Could not map country name to standard code"
4,"Sustainable Development Goals (Raw Indicators)",NA,"Oceania","Could not map country name to standard code"
4,"Sustainable Development Goals (Raw Indicators)",NA,"Oceania","Could not map country name to standard code"
4,"Sustainable Development Goals (Raw Indicators)",NA,"Oceania","Could not map country name to standard code"
4,"Sustainable Development Goals (Raw Indicators)",NA,"Oceania","Could not map country name to standard code"
4,"Sustainable Development Goals (Raw Indicators)",NA,"Oceania","Could not map country name to standard code"
4,"Sustainable Development Goals (Raw Indicators)",NA,"Oceania","Could not map country name to standard code"
4,"Sustainable Development Goals (Raw Indicators)",NA,"Oceania","Could not map country name to standard code"
4,"Sustainable Development Goals (Raw Indicators)",NA,"Small Island Developing States","Could not map country name to standard code"
4,"Sustainable Development Goals (Raw Indicators)",NA,"Small Island Developing States","Could not map country name to standard code"
4,"Sustainable Development Goals (Raw Indicators)",NA,"Small Island Developing States","Could not map country name to standard code"
4,"Sustainable Development Goals (Raw Indicators)",NA,"Small Island Developing States","Could not map country name to standard code"
4,"Sustainable Development Goals (Raw Indicators)",NA,"Small Island Developing States","Could not map country name to standard code"
4,"Sustainable Development Goals (Raw Indicators)",NA,"Small Island Developing States","Could not map country name to standard code"
4,"Sustainable Development Goals (Raw Indicators)",NA,"Small Island Developing States","Could not map country name to standard code"
4,"Sustainable Development Goals (Raw Indicators)",NA,"Small Island Developing States","Could not map country name to standard code"
4,"Sustainable Development Goals (Raw Indicators)",NA,"Small Island Developing States","Could not map country name to standard code"
4,"Sustainable Development Goals (Raw Indicators)",NA,"Small Island Developing States","Could not map country name to standard code"
4,"Sustainable Development Goals (Raw Indicators)",NA,"Sub-Saharan Africa","Could not map country name to standard code"
4,"Sustainable Development Goals (Raw Indicators)",NA,"Sub-Saharan Africa","Could not map country name to standard code"
4,"Sustainable Development Goals (Raw Indicators)",NA,"Sub-Saharan Africa","Could not map country name to standard code"
4,"Sustainable Development Goals (Raw Indicators)",NA,"Sub-Saharan Africa","Could not map country name to standard code"
4,"Sustainable Development Goals (Raw Indicators)",NA,"Sub-Saharan Africa","Could not map country name to standard code"
4,"Sustainable Development Goals (Raw Indicators)",NA,"Sub-Saharan Africa","Could not map country name to standard code"
4,"Sustainable Development Goals (Raw Indicators)",NA,"Sub-Saharan Africa","Could not map country name to standard code"
4,"Sustainable Development Goals (Raw Indicators)",NA,"Sub-Saharan Africa","Could not map country name to standard code"
4,"Sustainable Development Goals (Raw Indicators)",NA,"Sub-Saharan Africa","Could not map country name to standard code"
4,"Sustainable Development Goals (Raw Indicators)",NA,"Sub-Saharan Africa","Could not map country name to standard code"
4,"Sustainable Development Goals (Raw Indicators)",NA,"Upper-middle-income Countries","Could not map country name to standard code"
4,"Sustainable Development Goals (Raw Indicators)",NA,"Upper-middle-income Countries","Could not map country name to standard code"
4,"Sustainable Development Goals (Raw Indicators)",NA,"Upper-middle-income Countries","Could not map country name to standard code"
4,"Sustainable Development Goals (Raw Indicators)",NA,"Upper-middle-income Countries","Could not map country name to standard code"
4,"Sustainable Development Goals (Raw Indicators)",NA,"Upper-middle-income Countries","Could not map country name to standard code"
4,"Sustainable Development Goals (Raw Indicators)",NA,"Upper-middle-income Countries","Could not map country name to standard code"
4,"Sustainable Development Goals (Raw Indicators)",NA,"Upper-middle-income Countries","Could not map country name to standard code"
4,"Sustainable Development Goals (Raw Indicators)",NA,"Upper-middle-income Countries","Could not map country name to standard code"
4,"Sustainable Development Goals (Raw Indicators)",NA,"Upper-middle-income Countries","Could not map country name to standard code"
4,"Sustainable Development Goals (Raw Indicators)",NA,"Upper-middle-income Countries","Could not map country name to standard code"
4,"Sustainable Development Goals (Raw Indicators)",NA,"World","Could not map country name to standard code"
4,"Sustainable Development Goals (Raw Indicators)",NA,"World","Could not map country name to standard code"
4,"Sustainable Development Goals (Raw Indicators)",NA,"World","Could not map country name to standard code"
4,"Sustainable Development Goals (Raw Indicators)",NA,"World","Could not map country name to standard code"
4,"Sustainable Development Goals (Raw Indicators)",NA,"World","Could not map country name to standard code"
4,"Sustainable Development Goals (Raw Indicators)",NA,"World","Could not map country name to standard code"
4,"Sustainable Development Goals (Raw Indicators)",NA,"World","Could not map country name to standard code"
4,"Sustainable Development Goals (Raw Indicators)",NA,"World","Could not map country name to standard code"
4,"Sustainable Development Goals (Raw Indicators)",NA,"World","Could not map country name to standard code"
4,"Sustainable Development Goals (Raw Indicators)",NA,"World","Could not map country name to standard code"
6,"GDP per capita",NA,"Africa Eastern and Southern","Could not map country name to standard code"
6,"GDP per capita",NA,"Africa Eastern and Southern","Could not map country name to standard code"
6,"GDP per capita",NA,"Africa Eastern and Southern","Could not map country name to standard code"
6,"GDP per capita",NA,"Africa Eastern and Southern","Could not map country name to standard code"
6,"GDP per capita",NA,"Africa Eastern and Southern","Could not map country name to standard code"
6,"GDP per capita",NA,"Africa Eastern and Southern","Could not map country name to standard code"
6,"GDP per capita",NA,"Africa Eastern and Southern","Could not map country name to standard code"
6,"GDP per capita",NA,"Africa Eastern and Southern","Could not map country name to standard code"
6,"GDP per capita",NA,"Africa Eastern and Southern","Could not map country name to standard code"
6,"GDP per capita",NA,"Africa Western and Central","Could not map country name to standard code"
6,"GDP per capita",NA,"Africa Western and Central","Could not map country name to standard code"
6,"GDP per capita",NA,"Africa Western and Central","Could not map country name to standard code"
6,"GDP per capita",NA,"Africa Western and Central","Could not map country name to standard code"
6,"GDP per capita",NA,"Africa Western and Central","Could not map country name to standard code"
6,"GDP per capita",NA,"Africa Western and Central","Could not map country name to standard code"
6,"GDP per capita",NA,"Africa Western and Central","Could not map country name to standard code"
6,"GDP per capita",NA,"Africa Western and Central","Could not map country name to standard code"
6,"GDP per capita",NA,"Africa Western and Central","Could not map country name to standard code"
6,"GDP per capita",NA,"Arab World","Could not map country name to standard code"
6,"GDP per capita",NA,"Arab World","Could not map country name to standard code"
6,"GDP per capita",NA,"Arab World","Could not map country name to standard code"
6,"GDP per capita",NA,"Arab World","Could not map country name to standard code"
6,"GDP per capita",NA,"Arab World","Could not map country name to standard code"
6,"GDP per capita",NA,"Arab World","Could not map country name to standard code"
6,"GDP per capita",NA,"Arab World","Could not map country name to standard code"
6,"GDP per capita",NA,"Arab World","Could not map country name to standard code"
6,"GDP per capita",NA,"Arab World","Could not map country name to standard code"
6,"GDP per capita",NA,"Central Europe and the Baltics","Could not map country name to standard code"
6,"GDP per capita",NA,"Central Europe and the Baltics","Could not map country name to standard code"
6,"GDP per capita",NA,"Central Europe and the Baltics","Could not map country name to standard code"
6,"GDP per capita",NA,"Central Europe and the Baltics","Could not map country name to standard code"
6,"GDP per capita",NA,"Central Europe and the Baltics","Could not map country name to standard code"
6,"GDP per capita",NA,"Central Europe and the Baltics","Could not map country name to standard code"
6,"GDP per capita",NA,"Central Europe and the Baltics","Could not map country name to standard code"
6,"GDP per capita",NA,"Central Europe and the Baltics","Could not map country name to standard code"
6,"GDP per capita",NA,"Central Europe and the Baltics","Could not map country name to standard code"
6,"GDP per capita",NA,"Caribbean small states","Could not map country name to standard code"
6,"GDP per capita",NA,"Caribbean small states","Could not map country name to standard code"
6,"GDP per capita",NA,"Caribbean small states","Could not map country name to standard code"
6,"GDP per capita",NA,"Caribbean small states","Could not map country name to standard code"
6,"GDP per capita",NA,"Caribbean small states","Could not map country name to standard code"
6,"GDP per capita",NA,"Caribbean small states","Could not map country name to standard code"
6,"GDP per capita",NA,"Caribbean small states","Could not map country name to standard code"
6,"GDP per capita",NA,"Caribbean small states","Could not map country name to standard code"
6,"GDP per capita",NA,"Caribbean small states","Could not map country name to standard code"
6,"GDP per capita",NA,"East Asia & Pacific (excluding high income)","Could not map country name to standard code"
6,"GDP per capita",NA,"East Asia & Pacific (excluding high income)","Could not map country name to standard code"
6,"GDP per capita",NA,"East Asia & Pacific (excluding high income)","Could not map country name to standard code"
6,"GDP per capita",NA,"East Asia & Pacific (excluding high income)","Could not map country name to standard code"
6,"GDP per capita",NA,"East Asia & Pacific (excluding high income)","Could not map country name to standard code"
6,"GDP per capita",NA,"East Asia & Pacific (excluding high income)","Could not map country name to standard code"
6,"GDP per capita",NA,"East Asia & Pacific (excluding high income)","Could not map country name to standard code"
6,"GDP per capita",NA,"East Asia & Pacific (excluding high income)","Could not map country name to standard code"
6,"GDP per capita",NA,"East Asia & Pacific (excluding high income)","Could not map country name to standard code"
6,"GDP per capita",NA,"Early-demographic dividend","Could not map country name to standard code"
6,"GDP per capita",NA,"Early-demographic dividend","Could not map country name to standard code"
6,"GDP per capita",NA,"Early-demographic dividend","Could not map country name to standard code"
6,"GDP per capita",NA,"Early-demographic dividend","Could not map country name to standard code"
6,"GDP per capita",NA,"Early-demographic dividend","Could not map country name to standard code"
6,"GDP per capita",NA,"Early-demographic dividend","Could not map country name to standard code"
6,"GDP per capita",NA,"Early-demographic dividend","Could not map country name to standard code"
6,"GDP per capita",NA,"Early-demographic dividend","Could not map country name to standard code"
6,"GDP per capita",NA,"Early-demographic dividend","Could not map country name to standard code"
6,"GDP per capita",NA,"East Asia & Pacific","Could not map country name to standard code"
6,"GDP per capita",NA,"East Asia & Pacific","Could not map country name to standard code"
6,"GDP per capita",NA,"East Asia & Pacific","Could not map country name to standard code"
6,"GDP per capita",NA,"East Asia & Pacific","Could not map country name to standard code"
6,"GDP per capita",NA,"East Asia & Pacific","Could not map country name to standard code"
6,"GDP per capita",NA,"East Asia & Pacific","Could not map country name to standard code"
6,"GDP per capita",NA,"East Asia & Pacific","Could not map country name to standard code"
6,"GDP per capita",NA,"East Asia & Pacific","Could not map country name to standard code"
6,"GDP per capita",NA,"East Asia & Pacific","Could not map country name to standard code"
6,"GDP per capita",NA,"Europe & Central Asia (excluding high income)","Could not map country name to standard code"
6,"GDP per capita",NA,"Europe & Central Asia (excluding high income)","Could not map country name to standard code"
6,"GDP per capita",NA,"Europe & Central Asia (excluding high income)","Could not map country name to standard code"
6,"GDP per capita",NA,"Europe & Central Asia (excluding high income)","Could not map country name to standard code"
6,"GDP per capita",NA,"Europe & Central Asia (excluding high income)","Could not map country name to standard code"
6,"GDP per capita",NA,"Europe & Central Asia (excluding high income)","Could not map country name to standard code"
6,"GDP per capita",NA,"Europe & Central Asia (excluding high income)","Could not map country name to standard code"
6,"GDP per capita",NA,"Europe & Central Asia (excluding high income)","Could not map country name to standard code"
6,"GDP per capita",NA,"Europe & Central Asia (excluding high income)","Could not map country name to standard code"
6,"GDP per capita",NA,"Europe & Central Asia","Could not map country name to standard code"
6,"GDP per capita",NA,"Europe & Central Asia","Could not map country name to standard code"
6,"GDP per capita",NA,"Europe & Central Asia","Could not map country name to standard code"
6,"GDP per capita",NA,"Europe & Central Asia","Could not map country name to standard code"
6,"GDP per capita",NA,"Europe & Central Asia","Could not map country name to standard code"
6,"GDP per capita",NA,"Europe & Central Asia","Could not map country name to standard code"
6,"GDP per capita",NA,"Europe & Central Asia","Could not map country name to standard code"
6,"GDP per capita",NA,"Europe & Central Asia","Could not map country name to standard code"
6,"GDP per capita",NA,"Europe & Central Asia","Could not map country name to standard code"
6,"GDP per capita",NA,"Euro area","Could not map country name to standard code"
6,"GDP per capita",NA,"Euro area","Could not map country name to standard code"
6,"GDP per capita",NA,"Euro area","Could not map country name to standard code"
6,"GDP per capita",NA,"Euro area","Could not map country name to standard code"
6,"GDP per capita",NA,"Euro area","Could not map country name to standard code"
6,"GDP per capita",NA,"Euro area","Could not map country name to standard code"
6,"GDP per capita",NA,"Euro area","Could not map country name to standard code"
6,"GDP per capita",NA,"Euro area","Could not map country name to standard code"
6,"GDP per capita",NA,"Euro area","Could not map country name to standard code"
6,"GDP per capita",NA,"European Union","Could not map country name to standard code"
6,"GDP per capita",NA,"European Union","Could not map country name to standard code"
6,"GDP per capita",NA,"European Union","Could not map country name to standard code"
6,"GDP per capita",NA,"European Union","Could not map country name to standard code"
6,"GDP per capita",NA,"European Union","Could not map country name to standard code"
6,"GDP per capita",NA,"European Union","Could not map country name to standard code"
6,"GDP per capita",NA,"European Union","Could not map country name to standard code"
6,"GDP per capita",NA,"European Union","Could not map country name to standard code"
6,"GDP per capita",NA,"European Union","Could not map country name to standard code"
6,"GDP per capita",NA,"Fragile and conflict affected situations","Could not map country name to standard code"
6,"GDP per capita",NA,"Fragile and conflict affected situations","Could not map country name to standard code"
6,"GDP per capita",NA,"Fragile and conflict affected situations","Could not map country name to standard code"
6,"GDP per capita",NA,"Fragile and conflict affected situations","Could not map country name to standard code"
6,"GDP per capita",NA,"Fragile and conflict affected situations","Could not map country name to standard code"
6,"GDP per capita",NA,"Fragile and conflict affected situations","Could not map country name to standard code"
6,"GDP per capita",NA,"Fragile and conflict affected situations","Could not map country name to standard code"
6,"GDP per capita",NA,"Fragile and conflict affected situations","Could not map country name to standard code"
6,"GDP per capita",NA,"Fragile and conflict affected situations","Could not map country name to standard code"
6,"GDP per capita",NA,"High income","Could not map country name to standard code"
6,"GDP per capita",NA,"High income","Could not map country name to standard code"
6,"GDP per capita",NA,"High income","Could not map country name to standard code"
6,"GDP per capita",NA,"High income","Could not map country name to standard code"
6,"GDP per capita",NA,"High income","Could not map country name to standard code"
6,"GDP per capita",NA,"High income","Could not map country name to standard code"
6,"GDP per capita",NA,"High income","Could not map country name to standard code"
6,"GDP per capita",NA,"High income","Could not map country name to standard code"
6,"GDP per capita",NA,"High income","Could not map country name to standard code"
6,"GDP per capita",NA,"Heavily indebted poor countries (HIPC)","Could not map country name to standard code"
6,"GDP per capita",NA,"Heavily indebted poor countries (HIPC)","Could not map country name to standard code"
6,"GDP per capita",NA,"Heavily indebted poor countries (HIPC)","Could not map country name to standard code"
6,"GDP per capita",NA,"Heavily indebted poor countries (HIPC)","Could not map country name to standard code"
6,"GDP per capita",NA,"Heavily indebted poor countries (HIPC)","Could not map country name to standard code"
6,"GDP per capita",NA,"Heavily indebted poor countries (HIPC)","Could not map country name to standard code"
6,"GDP per capita",NA,"Heavily indebted poor countries (HIPC)","Could not map country name to standard code"
6,"GDP per capita",NA,"Heavily indebted poor countries (HIPC)","Could not map country name to standard code"
6,"GDP per capita",NA,"Heavily indebted poor countries (HIPC)","Could not map country name to standard code"
6,"GDP per capita",NA,"IBRD only","Could not map country name to standard code"
6,"GDP per capita",NA,"IBRD only","Could not map country name to standard code"
6,"GDP per capita",NA,"IBRD only","Could not map country name to standard code"
6,"GDP per capita",NA,"IBRD only","Could not map country name to standard code"
6,"GDP per capita",NA,"IBRD only","Could not map country name to standard code"
6,"GDP per capita",NA,"IBRD only","Could not map country name to standard code"
6,"GDP per capita",NA,"IBRD only","Could not map country name to standard code"
6,"GDP per capita",NA,"IBRD only","Could not map country name to standard code"
6,"GDP per capita",NA,"IBRD only","Could not map country name to standard code"
6,"GDP per capita",NA,"IDA & IBRD total","Could not map country name to standard code"
6,"GDP per capita",NA,"IDA & IBRD total","Could not map country name to standard code"
6,"GDP per capita",NA,"IDA & IBRD total","Could not map country name to standard code"
6,"GDP per capita",NA,"IDA & IBRD total","Could not map country name to standard code"
6,"GDP per capita",NA,"IDA & IBRD total","Could not map country name to standard code"
6,"GDP per capita",NA,"IDA & IBRD total","Could not map country name to standard code"
6,"GDP per capita",NA,"IDA & IBRD total","Could not map country name to standard code"
6,"GDP per capita",NA,"IDA & IBRD total","Could not map country name to standard code"
6,"GDP per capita",NA,"IDA & IBRD total","Could not map country name to standard code"
6,"GDP per capita",NA,"IDA total","Could not map country name to standard code"
6,"GDP per capita",NA,"IDA total","Could not map country name to standard code"
6,"GDP per capita",NA,"IDA total","Could not map country name to standard code"
6,"GDP per capita",NA,"IDA total","Could not map country name to standard code"
6,"GDP per capita",NA,"IDA total","Could not map country name to standard code"
6,"GDP per capita",NA,"IDA total","Could not map country name to standard code"
6,"GDP per capita",NA,"IDA total","Could not map country name to standard code"
6,"GDP per capita",NA,"IDA total","Could not map country name to standard code"
6,"GDP per capita",NA,"IDA total","Could not map country name to standard code"
6,"GDP per capita",NA,"IDA blend","Could not map country name to standard code"
6,"GDP per capita",NA,"IDA blend","Could not map country name to standard code"
6,"GDP per capita",NA,"IDA blend","Could not map country name to standard code"
6,"GDP per capita",NA,"IDA blend","Could not map country name to standard code"
6,"GDP per capita",NA,"IDA blend","Could not map country name to standard code"
6,"GDP per capita",NA,"IDA blend","Could not map country name to standard code"
6,"GDP per capita",NA,"IDA blend","Could not map country name to standard code"
6,"GDP per capita",NA,"IDA blend","Could not map country name to standard code"
6,"GDP per capita",NA,"IDA blend","Could not map country name to standard code"
6,"GDP per capita",NA,"IDA only","Could not map country name to standard code"
6,"GDP per capita",NA,"IDA only","Could not map country name to standard code"
6,"GDP per capita",NA,"IDA only","Could not map country name to standard code"
6,"GDP per capita",NA,"IDA only","Could not map country name to standard code"
6,"GDP per capita",NA,"IDA only","Could not map country name to standard code"
6,"GDP per capita",NA,"IDA only","Could not map country name to standard code"
6,"GDP per capita",NA,"IDA only","Could not map country name to standard code"
6,"GDP per capita",NA,"IDA only","Could not map country name to standard code"
6,"GDP per capita",NA,"IDA only","Could not map country name to standard code"
6,"GDP per capita",NA,"Not classified","Could not map country name to standard code"
6,"GDP per capita",NA,"Not classified","Could not map country name to standard code"
6,"GDP per capita",NA,"Not classified","Could not map country name to standard code"
6,"GDP per capita",NA,"Not classified","Could not map country name to standard code"
6,"GDP per capita",NA,"Not classified","Could not map country name to standard code"
6,"GDP per capita",NA,"Not classified","Could not map country name to standard code"
6,"GDP per capita",NA,"Not classified","Could not map country name to standard code"
6,"GDP per capita",NA,"Not classified","Could not map country name to standard code"
6,"GDP per capita",NA,"Not classified","Could not map country name to standard code"
6,"GDP per capita",NA,"Latin America & Caribbean (excluding high income)","Could not map country name to standard code"
6,"GDP per capita",NA,"Latin America & Caribbean (excluding high income)","Could not map country name to standard code"
6,"GDP per capita",NA,"Latin America & Caribbean (excluding high income)","Could not map country name to standard code"
6,"GDP per capita",NA,"Latin America & Caribbean (excluding high income)","Could not map country name to standard code"
6,"GDP per capita",NA,"Latin America & Caribbean (excluding high income)","Could not map country name to standard code"
6,"GDP per capita",NA,"Latin America & Caribbean (excluding high income)","Could not map country name to standard code"
6,"GDP per capita",NA,"Latin America & Caribbean (excluding high income)","Could not map country name to standard code"
6,"GDP per capita",NA,"Latin America & Caribbean (excluding high income)","Could not map country name to standard code"
6,"GDP per capita",NA,"Latin America & Caribbean (excluding high income)","Could not map country name to standard code"
6,"GDP per capita",NA,"Latin America & Caribbean","Could not map country name to standard code"
6,"GDP per capita",NA,"Latin America & Caribbean","Could not map country name to standard code"
6,"GDP per capita",NA,"Latin America & Caribbean","Could not map country name to standard code"
6,"GDP per capita",NA,"Latin America & Caribbean","Could not map country name to standard code"
6,"GDP per capita",NA,"Latin America & Caribbean","Could not map country name to standard code"
6,"GDP per capita",NA,"Latin America & Caribbean","Could not map country name to standard code"
6,"GDP per capita",NA,"Latin America & Caribbean","Could not map country name to standard code"
6,"GDP per capita",NA,"Latin America & Caribbean","Could not map country name to standard code"
6,"GDP per capita",NA,"Latin America & Caribbean","Could not map country name to standard code"
6,"GDP per capita",NA,"Least developed countries: UN classification","Could not map country name to standard code"
6,"GDP per capita",NA,"Least developed countries: UN classification","Could not map country name to standard code"
6,"GDP per capita",NA,"Least developed countries: UN classification","Could not map country name to standard code"
6,"GDP per capita",NA,"Least developed countries: UN classification","Could not map country name to standard code"
6,"GDP per capita",NA,"Least developed countries: UN classification","Could not map country name to standard code"
6,"GDP per capita",NA,"Least developed countries: UN classification","Could not map country name to standard code"
6,"GDP per capita",NA,"Least developed countries: UN classification","Could not map country name to standard code"
6,"GDP per capita",NA,"Least developed countries: UN classification","Could not map country name to standard code"
6,"GDP per capita",NA,"Least developed countries: UN classification","Could not map country name to standard code"
6,"GDP per capita",NA,"Low income","Could not map country name to standard code"
6,"GDP per capita",NA,"Low income","Could not map country name to standard code"
6,"GDP per capita",NA,"Low income","Could not map country name to standard code"
6,"GDP per capita",NA,"Low income","Could not map country name to standard code"
6,"GDP per capita",NA,"Low income","Could not map country name to standard code"
6,"GDP per capita",NA,"Low income","Could not map country name to standard code"
6,"GDP per capita",NA,"Low income","Could not map country name to standard code"
6,"GDP per capita",NA,"Low income","Could not map country name to standard code"
6,"GDP per capita",NA,"Low income","Could not map country name to standard code"
6,"GDP per capita",NA,"Lower middle income","Could not map country name to standard code"
6,"GDP per capita",NA,"Lower middle income","Could not map country name to standard code"
6,"GDP per capita",NA,"Lower middle income","Could not map country name to standard code"
6,"GDP per capita",NA,"Lower middle income","Could not map country name to standard code"
6,"GDP per capita",NA,"Lower middle income","Could not map country name to standard code"
6,"GDP per capita",NA,"Lower middle income","Could not map country name to standard code"
6,"GDP per capita",NA,"Lower middle income","Could not map country name to standard code"
6,"GDP per capita",NA,"Lower middle income","Could not map country name to standard code"
6,"GDP per capita",NA,"Lower middle income","Could not map country name to standard code"
6,"GDP per capita",NA,"Low & middle income","Could not map country name to standard code"
6,"GDP per capita",NA,"Low & middle income","Could not map country name to standard code"
6,"GDP per capita",NA,"Low & middle income","Could not map country name to standard code"
6,"GDP per capita",NA,"Low & middle income","Could not map country name to standard code"
6,"GDP per capita",NA,"Low & middle income","Could not map country name to standard code"
6,"GDP per capita",NA,"Low & middle income","Could not map country name to standard code"
6,"GDP per capita",NA,"Low & middle income","Could not map country name to standard code"
6,"GDP per capita",NA,"Low & middle income","Could not map country name to standard code"
6,"GDP per capita",NA,"Low & middle income","Could not map country name to standard code"
6,"GDP per capita",NA,"Late-demographic dividend","Could not map country name to standard code"
6,"GDP per capita",NA,"Late-demographic dividend","Could not map country name to standard code"
6,"GDP per capita",NA,"Late-demographic dividend","Could not map country name to standard code"
6,"GDP per capita",NA,"Late-demographic dividend","Could not map country name to standard code"
6,"GDP per capita",NA,"Late-demographic dividend","Could not map country name to standard code"
6,"GDP per capita",NA,"Late-demographic dividend","Could not map country name to standard code"
6,"GDP per capita",NA,"Late-demographic dividend","Could not map country name to standard code"
6,"GDP per capita",NA,"Late-demographic dividend","Could not map country name to standard code"
6,"GDP per capita",NA,"Late-demographic dividend","Could not map country name to standard code"
6,"GDP per capita",NA,"Middle East & North Africa","Could not map country name to standard code"
6,"GDP per capita",NA,"Middle East & North Africa","Could not map country name to standard code"
6,"GDP per capita",NA,"Middle East & North Africa","Could not map country name to standard code"
6,"GDP per capita",NA,"Middle East & North Africa","Could not map country name to standard code"
6,"GDP per capita",NA,"Middle East & North Africa","Could not map country name to standard code"
6,"GDP per capita",NA,"Middle East & North Africa","Could not map country name to standard code"
6,"GDP per capita",NA,"Middle East & North Africa","Could not map country name to standard code"
6,"GDP per capita",NA,"Middle East & North Africa","Could not map country name to standard code"
6,"GDP per capita",NA,"Middle East & North Africa","Could not map country name to standard code"
6,"GDP per capita",NA,"Middle income","Could not map country name to standard code"
6,"GDP per capita",NA,"Middle income","Could not map country name to standard code"
6,"GDP per capita",NA,"Middle income","Could not map country name to standard code"
6,"GDP per capita",NA,"Middle income","Could not map country name to standard code"
6,"GDP per capita",NA,"Middle income","Could not map country name to standard code"
6,"GDP per capita",NA,"Middle income","Could not map country name to standard code"
6,"GDP per capita",NA,"Middle income","Could not map country name to standard code"
6,"GDP per capita",NA,"Middle income","Could not map country name to standard code"
6,"GDP per capita",NA,"Middle income","Could not map country name to standard code"
6,"GDP per capita",NA,"Middle East & North Africa (excluding high income)","Could not map country name to standard code"
6,"GDP per capita",NA,"Middle East & North Africa (excluding high income)","Could not map country name to standard code"
6,"GDP per capita",NA,"Middle East & North Africa (excluding high income)","Could not map country name to standard code"
6,"GDP per capita",NA,"Middle East & North Africa (excluding high income)","Could not map country name to standard code"
6,"GDP per capita",NA,"Middle East & North Africa (excluding high income)","Could not map country name to standard code"
6,"GDP per capita",NA,"Middle East & North Africa (excluding high income)","Could not map country name to standard code"
6,"GDP per capita",NA,"Middle East & North Africa (excluding high income)","Could not map country name to standard code"
6,"GDP per capita",NA,"Middle East & North Africa (excluding high income)","Could not map country name to standard code"
6,"GDP per capita",NA,"Middle East & North Africa (excluding high income)","Could not map country name to standard code"
6,"GDP per capita",NA,"North America","Could not map country name to standard code"
6,"GDP per capita",NA,"North America","Could not map country name to standard code"
6,"GDP per capita",NA,"North America","Could not map country name to standard code"
6,"GDP per capita",NA,"North America","Could not map country name to standard code"
6,"GDP per capita",NA,"North America","Could not map country name to standard code"
6,"GDP per capita",NA,"North America","Could not map country name to standard code"
6,"GDP per capita",NA,"North America","Could not map country name to standard code"
6,"GDP per capita",NA,"North America","Could not map country name to standard code"
6,"GDP per capita",NA,"North America","Could not map country name to standard code"
6,"GDP per capita",NA,"OECD members","Could not map country name to standard code"
6,"GDP per capita",NA,"OECD members","Could not map country name to standard code"
6,"GDP per capita",NA,"OECD members","Could not map country name to standard code"
6,"GDP per capita",NA,"OECD members","Could not map country name to standard code"
6,"GDP per capita",NA,"OECD members","Could not map country name to standard code"
6,"GDP per capita",NA,"OECD members","Could not map country name to standard code"
6,"GDP per capita",NA,"OECD members","Could not map country name to standard code"
6,"GDP per capita",NA,"OECD members","Could not map country name to standard code"
6,"GDP per capita",NA,"OECD members","Could not map country name to standard code"
6,"GDP per capita",NA,"Other small states","Could not map country name to standard code"
6,"GDP per capita",NA,"Other small states","Could not map country name to standard code"
6,"GDP per capita",NA,"Other small states","Could not map country name to standard code"
6,"GDP per capita",NA,"Other small states","Could not map country name to standard code"
6,"GDP per capita",NA,"Other small states","Could not map country name to standard code"
6,"GDP per capita",NA,"Other small states","Could not map country name to standard code"
6,"GDP per capita",NA,"Other small states","Could not map country name to standard code"
6,"GDP per capita",NA,"Other small states","Could not map country name to standard code"
6,"GDP per capita",NA,"Other small states","Could not map country name to standard code"
6,"GDP per capita",NA,"Pre-demographic dividend","Could not map country name to standard code"
6,"GDP per capita",NA,"Pre-demographic dividend","Could not map country name to standard code"
6,"GDP per capita",NA,"Pre-demographic dividend","Could not map country name to standard code"
6,"GDP per capita",NA,"Pre-demographic dividend","Could not map country name to standard code"
6,"GDP per capita",NA,"Pre-demographic dividend","Could not map country name to standard code"
6,"GDP per capita",NA,"Pre-demographic dividend","Could not map country name to standard code"
6,"GDP per capita",NA,"Pre-demographic dividend","Could not map country name to standard code"
6,"GDP per capita",NA,"Pre-demographic dividend","Could not map country name to standard code"
6,"GDP per capita",NA,"Pre-demographic dividend","Could not map country name to standard code"
6,"GDP per capita",NA,"Pacific island small states","Could not map country name to standard code"
6,"GDP per capita",NA,"Pacific island small states","Could not map country name to standard code"
6,"GDP per capita",NA,"Pacific island small states","Could not map country name to standard code"
6,"GDP per capita",NA,"Pacific island small states","Could not map country name to standard code"
6,"GDP per capita",NA,"Pacific island small states","Could not map country name to standard code"
6,"GDP per capita",NA,"Pacific island small states","Could not map country name to standard code"
6,"GDP per capita",NA,"Pacific island small states","Could not map country name to standard code"
6,"GDP per capita",NA,"Pacific island small states","Could not map country name to standard code"
6,"GDP per capita",NA,"Pacific island small states","Could not map country name to standard code"
6,"GDP per capita",NA,"Post-demographic dividend","Could not map country name to standard code"
6,"GDP per capita",NA,"Post-demographic dividend","Could not map country name to standard code"
6,"GDP per capita",NA,"Post-demographic dividend","Could not map country name to standard code"
6,"GDP per capita",NA,"Post-demographic dividend","Could not map country name to standard code"
6,"GDP per capita",NA,"Post-demographic dividend","Could not map country name to standard code"
6,"GDP per capita",NA,"Post-demographic dividend","Could not map country name to standard code"
6,"GDP per capita",NA,"Post-demographic dividend","Could not map country name to standard code"
6,"GDP per capita",NA,"Post-demographic dividend","Could not map country name to standard code"
6,"GDP per capita",NA,"Post-demographic dividend","Could not map country name to standard code"
6,"GDP per capita",NA,"South Asia","Could not map country name to standard code"
6,"GDP per capita",NA,"South Asia","Could not map country name to standard code"
6,"GDP per capita",NA,"South Asia","Could not map country name to standard code"
6,"GDP per capita",NA,"South Asia","Could not map country name to standard code"
6,"GDP per capita",NA,"South Asia","Could not map country name to standard code"
6,"GDP per capita",NA,"South Asia","Could not map country name to standard code"
6,"GDP per capita",NA,"South Asia","Could not map country name to standard code"
6,"GDP per capita",NA,"South Asia","Could not map country name to standard code"
6,"GDP per capita",NA,"South Asia","Could not map country name to standard code"
6,"GDP per capita",NA,"Sub-Saharan Africa (excluding high income)","Could not map country name to standard code"
6,"GDP per capita",NA,"Sub-Saharan Africa (excluding high income)","Could not map country name to standard code"
6,"GDP per capita",NA,"Sub-Saharan Africa (excluding high income)","Could not map country name to standard code"
6,"GDP per capita",NA,"Sub-Saharan Africa (excluding high income)","Could not map country name to standard code"
6,"GDP per capita",NA,"Sub-Saharan Africa (excluding high income)","Could not map country name to standard code"
6,"GDP per capita",NA,"Sub-Saharan Africa (excluding high income)","Could not map country name to standard code"
6,"GDP per capita",NA,"Sub-Saharan Africa (excluding high income)","Could not map country name to standard code"
6,"GDP per capita",NA,"Sub-Saharan Africa (excluding high income)","Could not map country name to standard code"
6,"GDP per capita",NA,"Sub-Saharan Africa (excluding high income)","Could not map country name to standard code"
6,"GDP per capita",NA,"Sub-Saharan Africa","Could not map country name to standard code"
6,"GDP per capita",NA,"Sub-Saharan Africa","Could not map country name to standard code"
6,"GDP per capita",NA,"Sub-Saharan Africa","Could not map country name to standard code"
6,"GDP per capita",NA,"Sub-Saharan Africa","Could not map country name to standard code"
6,"GDP per capita",NA,"Sub-Saharan Africa","Could not map country name to standard code"
6,"GDP per capita",NA,"Sub-Saharan Africa","Could not map country name to standard code"
6,"GDP per capita",NA,"Sub-Saharan Africa","Could not map country name to standard code"
6,"GDP per capita",NA,"Sub-Saharan Africa","Could not map country name to standard code"
6,"GDP per capita",NA,"Sub-Saharan Africa","Could not map country name to standard code"
6,"GDP per capita",NA,"Small states","Could not map country name to standard code"
6,"GDP per capita",NA,"Small states","Could not map country name to standard code"
6,"GDP per capita",NA,"Small states","Could not map country name to standard code"
6,"GDP per capita",NA,"Small states","Could not map country name to standard code"
6,"GDP per capita",NA,"Small states","Could not map country name to standard code"
6,"GDP per capita",NA,"Small states","Could not map country name to standard code"
6,"GDP per capita",NA,"Small states","Could not map country name to standard code"
6,"GDP per capita",NA,"Small states","Could not map country name to standard code"
6,"GDP per capita",NA,"Small states","Could not map country name to standard code"
6,"GDP per capita",NA,"East Asia & Pacific (IDA & IBRD countries)","Could not map country name to standard code"
6,"GDP per capita",NA,"East Asia & Pacific (IDA & IBRD countries)","Could not map country name to standard code"
6,"GDP per capita",NA,"East Asia & Pacific (IDA & IBRD countries)","Could not map country name to standard code"
6,"GDP per capita",NA,"East Asia & Pacific (IDA & IBRD countries)","Could not map country name to standard code"
6,"GDP per capita",NA,"East Asia & Pacific (IDA & IBRD countries)","Could not map country name to standard code"
6,"GDP per capita",NA,"East Asia & Pacific (IDA & IBRD countries)","Could not map country name to standard code"
6,"GDP per capita",NA,"East Asia & Pacific (IDA & IBRD countries)","Could not map country name to standard code"
6,"GDP per capita",NA,"East Asia & Pacific (IDA & IBRD countries)","Could not map country name to standard code"
6,"GDP per capita",NA,"East Asia & Pacific (IDA & IBRD countries)","Could not map country name to standard code"
6,"GDP per capita",NA,"Europe & Central Asia (IDA & IBRD countries)","Could not map country name to standard code"
6,"GDP per capita",NA,"Europe & Central Asia (IDA & IBRD countries)","Could not map country name to standard code"
6,"GDP per capita",NA,"Europe & Central Asia (IDA & IBRD countries)","Could not map country name to standard code"
6,"GDP per capita",NA,"Europe & Central Asia (IDA & IBRD countries)","Could not map country name to standard code"
6,"GDP per capita",NA,"Europe & Central Asia (IDA & IBRD countries)","Could not map country name to standard code"
6,"GDP per capita",NA,"Europe & Central Asia (IDA & IBRD countries)","Could not map country name to standard code"
6,"GDP per capita",NA,"Europe & Central Asia (IDA & IBRD countries)","Could not map country name to standard code"
6,"GDP per capita",NA,"Europe & Central Asia (IDA & IBRD countries)","Could not map country name to standard code"
6,"GDP per capita",NA,"Europe & Central Asia (IDA & IBRD countries)","Could not map country name to standard code"
6,"GDP per capita",NA,"Latin America & the Caribbean (IDA & IBRD countries)","Could not map country name to standard code"
6,"GDP per capita",NA,"Latin America & the Caribbean (IDA & IBRD countries)","Could not map country name to standard code"
6,"GDP per capita",NA,"Latin America & the Caribbean (IDA & IBRD countries)","Could not map country name to standard code"
6,"GDP per capita",NA,"Latin America & the Caribbean (IDA & IBRD countries)","Could not map country name to standard code"
6,"GDP per capita",NA,"Latin America & the Caribbean (IDA & IBRD countries)","Could not map country name to standard code"
6,"GDP per capita",NA,"Latin America & the Caribbean (IDA & IBRD countries)","Could not map country name to standard code"
6,"GDP per capita",NA,"Latin America & the Caribbean (IDA & IBRD countries)","Could not map country name to standard code"
6,"GDP per capita",NA,"Latin America & the Caribbean (IDA & IBRD countries)","Could not map country name to standard code"
6,"GDP per capita",NA,"Latin America & the Caribbean (IDA & IBRD countries)","Could not map country name to standard code"
6,"GDP per capita",NA,"Middle East & North Africa (IDA & IBRD countries)","Could not map country name to standard code"
6,"GDP per capita",NA,"Middle East & North Africa (IDA & IBRD countries)","Could not map country name to standard code"
6,"GDP per capita",NA,"Middle East & North Africa (IDA & IBRD countries)","Could not map country name to standard code"
6,"GDP per capita",NA,"Middle East & North Africa (IDA & IBRD countries)","Could not map country name to standard code"
6,"GDP per capita",NA,"Middle East & North Africa (IDA & IBRD countries)","Could not map country name to standard code"
6,"GDP per capita",NA,"Middle East & North Africa (IDA & IBRD countries)","Could not map country name to standard code"
6,"GDP per capita",NA,"Middle East & North Africa (IDA & IBRD countries)","Could not map country name to standard code"
6,"GDP per capita",NA,"Middle East & North Africa (IDA & IBRD countries)","Could not map country name to standard code"
6,"GDP per capita",NA,"Middle East & North Africa (IDA & IBRD countries)","Could not map country name to standard code"
6,"GDP per capita",NA,"South Asia (IDA & IBRD)","Could not map country name to standard code"
6,"GDP per capita",NA,"South Asia (IDA & IBRD)","Could not map country name to standard code"
6,"GDP per capita",NA,"South Asia (IDA & IBRD)","Could not map country name to standard code"
6,"GDP per capita",NA,"South Asia (IDA & IBRD)","Could not map country name to standard code"
6,"GDP per capita",NA,"South Asia (IDA & IBRD)","Could not map country name to standard code"
6,"GDP per capita",NA,"South Asia (IDA & IBRD)","Could not map country name to standard code"
6,"GDP per capita",NA,"South Asia (IDA & IBRD)","Could not map country name to standard code"
6,"GDP per capita",NA,"South Asia (IDA & IBRD)","Could not map country name to standard code"
6,"GDP per capita",NA,"South Asia (IDA & IBRD)","Could not map country name to standard code"
6,"GDP per capita",NA,"Sub-Saharan Africa (IDA & IBRD countries)","Could not map country name to standard code"
6,"GDP per capita",NA,"Sub-Saharan Africa (IDA & IBRD countries)","Could not map country name to standard code"
6,"GDP per capita",NA,"Sub-Saharan Africa (IDA & IBRD countries)","Could not map country name to standard code"
6,"GDP per capita",NA,"Sub-Saharan Africa (IDA & IBRD countries)","Could not map country name to standard code"
6,"GDP per capita",NA,"Sub-Saharan Africa (IDA & IBRD countries)","Could not map country name to standard code"
6,"GDP per capita",NA,"Sub-Saharan Africa (IDA & IBRD countries)","Could not map country name to standard code"
6,"GDP per capita",NA,"Sub-Saharan Africa (IDA & IBRD countries)","Could not map country name to standard code"
6,"GDP per capita",NA,"Sub-Saharan Africa (IDA & IBRD countries)","Could not map country name to standard code"
6,"GDP per capita",NA,"Sub-Saharan Africa (IDA & IBRD countries)","Could not map country name to standard code"
6,"GDP per capita",NA,"Upper middle income","Could not map country name to standard code"
6,"GDP per capita",NA,"Upper middle income","Could not map country name to standard code"
6,"GDP per capita",NA,"Upper middle income","Could not map country name to standard code"
6,"GDP per capita",NA,"Upper middle income","Could not map country name to standard code"
6,"GDP per capita",NA,"Upper middle income","Could not map country name to standard code"
6,"GDP per capita",NA,"Upper middle income","Could not map country name to standard code"
6,"GDP per capita",NA,"Upper middle income","Could not map country name to standard code"
6,"GDP per capita",NA,"Upper middle income","Could not map country name to standard code"
6,"GDP per capita",NA,"Upper middle income","Could not map country name to standard code"
6,"GDP per capita",NA,"World","Could not map country name to standard code"
6,"GDP per capita",NA,"World","Could not map country name to standard code"
6,"GDP per capita",NA,"World","Could not map country name to standard code"
6,"GDP per capita",NA,"World","Could not map country name to standard code"
6,"GDP per capita",NA,"World","Could not map country name to standard code"
6,"GDP per capita",NA,"World","Could not map country name to standard code"
6,"GDP per capita",NA,"World","Could not map country name to standard code"
6,"GDP per capita",NA,"World","Could not map country name to standard code"
6,"GDP per capita",NA,"World","Could not map country name to standard code"
9,"Access to Electricity",NA,"Africa Eastern and Southern","Could not map country name to standard code"
9,"Access to Electricity",NA,"Africa Eastern and Southern","Could not map country name to standard code"
9,"Access to Electricity",NA,"Africa Eastern and Southern","Could not map country name to standard code"
9,"Access to Electricity",NA,"Africa Eastern and Southern","Could not map country name to standard code"
9,"Access to Electricity",NA,"Africa Eastern and Southern","Could not map country name to standard code"
9,"Access to Electricity",NA,"Africa Eastern and Southern","Could not map country name to standard code"
9,"Access to Electricity",NA,"Africa Eastern and Southern","Could not map country name to standard code"
9,"Access to Electricity",NA,"Africa Eastern and Southern","Could not map country name to standard code"
9,"Access to Electricity",NA,"Africa Eastern and Southern","Could not map country name to standard code"
9,"Access to Electricity",NA,"Africa Eastern and Southern","Could not map country name to standard code"
9,"Access to Electricity",NA,"Africa Western and Central","Could not map country name to standard code"
9,"Access to Electricity",NA,"Africa Western and Central","Could not map country name to standard code"
9,"Access to Electricity",NA,"Africa Western and Central","Could not map country name to standard code"
9,"Access to Electricity",NA,"Africa Western and Central","Could not map country name to standard code"
9,"Access to Electricity",NA,"Africa Western and Central","Could not map country name to standard code"
9,"Access to Electricity",NA,"Africa Western and Central","Could not map country name to standard code"
9,"Access to Electricity",NA,"Africa Western and Central","Could not map country name to standard code"
9,"Access to Electricity",NA,"Africa Western and Central","Could not map country name to standard code"
9,"Access to Electricity",NA,"Africa Western and Central","Could not map country name to standard code"
9,"Access to Electricity",NA,"Africa Western and Central","Could not map country name to standard code"
9,"Access to Electricity",NA,"Arab World","Could not map country name to standard code"
9,"Access to Electricity",NA,"Arab World","Could not map country name to standard code"
9,"Access to Electricity",NA,"Arab World","Could not map country name to standard code"
9,"Access to Electricity",NA,"Arab World","Could not map country name to standard code"
9,"Access to Electricity",NA,"Arab World","Could not map country name to standard code"
9,"Access to Electricity",NA,"Arab World","Could not map country name to standard code"
9,"Access to Electricity",NA,"Arab World","Could not map country name to standard code"
9,"Access to Electricity",NA,"Arab World","Could not map country name to standard code"
9,"Access to Electricity",NA,"Arab World","Could not map country name to standard code"
9,"Access to Electricity",NA,"Arab World","Could not map country name to standard code"
9,"Access to Electricity",NA,"Caribbean small states","Could not map country name to standard code"
9,"Access to Electricity",NA,"Caribbean small states","Could not map country name to standard code"
9,"Access to Electricity",NA,"Caribbean small states","Could not map country name to standard code"
9,"Access to Electricity",NA,"Caribbean small states","Could not map country name to standard code"
9,"Access to Electricity",NA,"Caribbean small states","Could not map country name to standard code"
9,"Access to Electricity",NA,"Caribbean small states","Could not map country name to standard code"
9,"Access to Electricity",NA,"Caribbean small states","Could not map country name to standard code"
9,"Access to Electricity",NA,"Caribbean small states","Could not map country name to standard code"
9,"Access to Electricity",NA,"Caribbean small states","Could not map country name to standard code"
9,"Access to Electricity",NA,"Caribbean small states","Could not map country name to standard code"
9,"Access to Electricity",NA,"Central Europe and the Baltics","Could not map country name to standard code"
9,"Access to Electricity",NA,"Central Europe and the Baltics","Could not map country name to standard code"
9,"Access to Electricity",NA,"Central Europe and the Baltics","Could not map country name to standard code"
9,"Access to Electricity",NA,"Central Europe and the Baltics","Could not map country name to standard code"
9,"Access to Electricity",NA,"Central Europe and the Baltics","Could not map country name to standard code"
9,"Access to Electricity",NA,"Central Europe and the Baltics","Could not map country name to standard code"
9,"Access to Electricity",NA,"Central Europe and the Baltics","Could not map country name to standard code"
9,"Access to Electricity",NA,"Central Europe and the Baltics","Could not map country name to standard code"
9,"Access to Electricity",NA,"Central Europe and the Baltics","Could not map country name to standard code"
9,"Access to Electricity",NA,"Central Europe and the Baltics","Could not map country name to standard code"
9,"Access to Electricity",NA,"Early-demographic dividend","Could not map country name to standard code"
9,"Access to Electricity",NA,"Early-demographic dividend","Could not map country name to standard code"
9,"Access to Electricity",NA,"Early-demographic dividend","Could not map country name to standard code"
9,"Access to Electricity",NA,"Early-demographic dividend","Could not map country name to standard code"
9,"Access to Electricity",NA,"Early-demographic dividend","Could not map country name to standard code"
9,"Access to Electricity",NA,"Early-demographic dividend","Could not map country name to standard code"
9,"Access to Electricity",NA,"Early-demographic dividend","Could not map country name to standard code"
9,"Access to Electricity",NA,"Early-demographic dividend","Could not map country name to standard code"
9,"Access to Electricity",NA,"Early-demographic dividend","Could not map country name to standard code"
9,"Access to Electricity",NA,"Early-demographic dividend","Could not map country name to standard code"
9,"Access to Electricity",NA,"East Asia & Pacific","Could not map country name to standard code"
9,"Access to Electricity",NA,"East Asia & Pacific","Could not map country name to standard code"
9,"Access to Electricity",NA,"East Asia & Pacific","Could not map country name to standard code"
9,"Access to Electricity",NA,"East Asia & Pacific","Could not map country name to standard code"
9,"Access to Electricity",NA,"East Asia & Pacific","Could not map country name to standard code"
9,"Access to Electricity",NA,"East Asia & Pacific","Could not map country name to standard code"
9,"Access to Electricity",NA,"East Asia & Pacific","Could not map country name to standard code"
9,"Access to Electricity",NA,"East Asia & Pacific","Could not map country name to standard code"
9,"Access to Electricity",NA,"East Asia & Pacific","Could not map country name to standard code"
9,"Access to Electricity",NA,"East Asia & Pacific","Could not map country name to standard code"
9,"Access to Electricity",NA,"East Asia & Pacific (excluding high income)","Could not map country name to standard code"
9,"Access to Electricity",NA,"East Asia & Pacific (excluding high income)","Could not map country name to standard code"
9,"Access to Electricity",NA,"East Asia & Pacific (excluding high income)","Could not map country name to standard code"
9,"Access to Electricity",NA,"East Asia & Pacific (excluding high income)","Could not map country name to standard code"
9,"Access to Electricity",NA,"East Asia & Pacific (excluding high income)","Could not map country name to standard code"
9,"Access to Electricity",NA,"East Asia & Pacific (excluding high income)","Could not map country name to standard code"
9,"Access to Electricity",NA,"East Asia & Pacific (excluding high income)","Could not map country name to standard code"
9,"Access to Electricity",NA,"East Asia & Pacific (excluding high income)","Could not map country name to standard code"
9,"Access to Electricity",NA,"East Asia & Pacific (excluding high income)","Could not map country name to standard code"
9,"Access to Electricity",NA,"East Asia & Pacific (excluding high income)","Could not map country name to standard code"
9,"Access to Electricity",NA,"East Asia & Pacific (IDA & IBRD countries)","Could not map country name to standard code"
9,"Access to Electricity",NA,"East Asia & Pacific (IDA & IBRD countries)","Could not map country name to standard code"
9,"Access to Electricity",NA,"East Asia & Pacific (IDA & IBRD countries)","Could not map country name to standard code"
9,"Access to Electricity",NA,"East Asia & Pacific (IDA & IBRD countries)","Could not map country name to standard code"
9,"Access to Electricity",NA,"East Asia & Pacific (IDA & IBRD countries)","Could not map country name to standard code"
9,"Access to Electricity",NA,"East Asia & Pacific (IDA & IBRD countries)","Could not map country name to standard code"
9,"Access to Electricity",NA,"East Asia & Pacific (IDA & IBRD countries)","Could not map country name to standard code"
9,"Access to Electricity",NA,"East Asia & Pacific (IDA & IBRD countries)","Could not map country name to standard code"
9,"Access to Electricity",NA,"East Asia & Pacific (IDA & IBRD countries)","Could not map country name to standard code"
9,"Access to Electricity",NA,"East Asia & Pacific (IDA & IBRD countries)","Could not map country name to standard code"
9,"Access to Electricity",NA,"Euro area","Could not map country name to standard code"
9,"Access to Electricity",NA,"Euro area","Could not map country name to standard code"
9,"Access to Electricity",NA,"Euro area","Could not map country name to standard code"
9,"Access to Electricity",NA,"Euro area","Could not map country name to standard code"
9,"Access to Electricity",NA,"Euro area","Could not map country name to standard code"
9,"Access to Electricity",NA,"Euro area","Could not map country name to standard code"
9,"Access to Electricity",NA,"Euro area","Could not map country name to standard code"
9,"Access to Electricity",NA,"Euro area","Could not map country name to standard code"
9,"Access to Electricity",NA,"Euro area","Could not map country name to standard code"
9,"Access to Electricity",NA,"Euro area","Could not map country name to standard code"
9,"Access to Electricity",NA,"Europe & Central Asia","Could not map country name to standard code"
9,"Access to Electricity",NA,"Europe & Central Asia","Could not map country name to standard code"
9,"Access to Electricity",NA,"Europe & Central Asia","Could not map country name to standard code"
9,"Access to Electricity",NA,"Europe & Central Asia","Could not map country name to standard code"
9,"Access to Electricity",NA,"Europe & Central Asia","Could not map country name to standard code"
9,"Access to Electricity",NA,"Europe & Central Asia","Could not map country name to standard code"
9,"Access to Electricity",NA,"Europe & Central Asia","Could not map country name to standard code"
9,"Access to Electricity",NA,"Europe & Central Asia","Could not map country name to standard code"
9,"Access to Electricity",NA,"Europe & Central Asia","Could not map country name to standard code"
9,"Access to Electricity",NA,"Europe & Central Asia","Could not map country name to standard code"
9,"Access to Electricity",NA,"Europe & Central Asia (excluding high income)","Could not map country name to standard code"
9,"Access to Electricity",NA,"Europe & Central Asia (excluding high income)","Could not map country name to standard code"
9,"Access to Electricity",NA,"Europe & Central Asia (excluding high income)","Could not map country name to standard code"
9,"Access to Electricity",NA,"Europe & Central Asia (excluding high income)","Could not map country name to standard code"
9,"Access to Electricity",NA,"Europe & Central Asia (excluding high income)","Could not map country name to standard code"
9,"Access to Electricity",NA,"Europe & Central Asia (excluding high income)","Could not map country name to standard code"
9,"Access to Electricity",NA,"Europe & Central Asia (excluding high income)","Could not map country name to standard code"
9,"Access to Electricity",NA,"Europe & Central Asia (excluding high income)","Could not map country name to standard code"
9,"Access to Electricity",NA,"Europe & Central Asia (excluding high income)","Could not map country name to standard code"
9,"Access to Electricity",NA,"Europe & Central Asia (excluding high income)","Could not map country name to standard code"
9,"Access to Electricity",NA,"Europe & Central Asia (IDA & IBRD countries)","Could not map country name to standard code"
9,"Access to Electricity",NA,"Europe & Central Asia (IDA & IBRD countries)","Could not map country name to standard code"
9,"Access to Electricity",NA,"Europe & Central Asia (IDA & IBRD countries)","Could not map country name to standard code"
9,"Access to Electricity",NA,"Europe & Central Asia (IDA & IBRD countries)","Could not map country name to standard code"
9,"Access to Electricity",NA,"Europe & Central Asia (IDA & IBRD countries)","Could not map country name to standard code"
9,"Access to Electricity",NA,"Europe & Central Asia (IDA & IBRD countries)","Could not map country name to standard code"
9,"Access to Electricity",NA,"Europe & Central Asia (IDA & IBRD countries)","Could not map country name to standard code"
9,"Access to Electricity",NA,"Europe & Central Asia (IDA & IBRD countries)","Could not map country name to standard code"
9,"Access to Electricity",NA,"Europe & Central Asia (IDA & IBRD countries)","Could not map country name to standard code"
9,"Access to Electricity",NA,"Europe & Central Asia (IDA & IBRD countries)","Could not map country name to standard code"
9,"Access to Electricity",NA,"European Union","Could not map country name to standard code"
9,"Access to Electricity",NA,"European Union","Could not map country name to standard code"
9,"Access to Electricity",NA,"European Union","Could not map country name to standard code"
9,"Access to Electricity",NA,"European Union","Could not map country name to standard code"
9,"Access to Electricity",NA,"European Union","Could not map country name to standard code"
9,"Access to Electricity",NA,"European Union","Could not map country name to standard code"
9,"Access to Electricity",NA,"European Union","Could not map country name to standard code"
9,"Access to Electricity",NA,"European Union","Could not map country name to standard code"
9,"Access to Electricity",NA,"European Union","Could not map country name to standard code"
9,"Access to Electricity",NA,"European Union","Could not map country name to standard code"
9,"Access to Electricity",NA,"Fragile and conflict affected situations","Could not map country name to standard code"
9,"Access to Electricity",NA,"Fragile and conflict affected situations","Could not map country name to standard code"
9,"Access to Electricity",NA,"Fragile and conflict affected situations","Could not map country name to standard code"
9,"Access to Electricity",NA,"Fragile and conflict affected situations","Could not map country name to standard code"
9,"Access to Electricity",NA,"Fragile and conflict affected situations","Could not map country name to standard code"
9,"Access to Electricity",NA,"Fragile and conflict affected situations","Could not map country name to standard code"
9,"Access to Electricity",NA,"Fragile and conflict affected situations","Could not map country name to standard code"
9,"Access to Electricity",NA,"Fragile and conflict affected situations","Could not map country name to standard code"
9,"Access to Electricity",NA,"Fragile and conflict affected situations","Could not map country name to standard code"
9,"Access to Electricity",NA,"Fragile and conflict affected situations","Could not map country name to standard code"
9,"Access to Electricity",NA,"Heavily indebted poor countries (HIPC)","Could not map country name to standard code"
9,"Access to Electricity",NA,"Heavily indebted poor countries (HIPC)","Could not map country name to standard code"
9,"Access to Electricity",NA,"Heavily indebted poor countries (HIPC)","Could not map country name to standard code"
9,"Access to Electricity",NA,"Heavily indebted poor countries (HIPC)","Could not map country name to standard code"
9,"Access to Electricity",NA,"Heavily indebted poor countries (HIPC)","Could not map country name to standard code"
9,"Access to Electricity",NA,"Heavily indebted poor countries (HIPC)","Could not map country name to standard code"
9,"Access to Electricity",NA,"Heavily indebted poor countries (HIPC)","Could not map country name to standard code"
9,"Access to Electricity",NA,"Heavily indebted poor countries (HIPC)","Could not map country name to standard code"
9,"Access to Electricity",NA,"Heavily indebted poor countries (HIPC)","Could not map country name to standard code"
9,"Access to Electricity",NA,"Heavily indebted poor countries (HIPC)","Could not map country name to standard code"
9,"Access to Electricity",NA,"High income","Could not map country name to standard code"
9,"Access to Electricity",NA,"High income","Could not map country name to standard code"
9,"Access to Electricity",NA,"High income","Could not map country name to standard code"
9,"Access to Electricity",NA,"High income","Could not map country name to standard code"
9,"Access to Electricity",NA,"High income","Could not map country name to standard code"
9,"Access to Electricity",NA,"High income","Could not map country name to standard code"
9,"Access to Electricity",NA,"High income","Could not map country name to standard code"
9,"Access to Electricity",NA,"High income","Could not map country name to standard code"
9,"Access to Electricity",NA,"High income","Could not map country name to standard code"
9,"Access to Electricity",NA,"High income","Could not map country name to standard code"
9,"Access to Electricity",NA,"IBRD only","Could not map country name to standard code"
9,"Access to Electricity",NA,"IBRD only","Could not map country name to standard code"
9,"Access to Electricity",NA,"IBRD only","Could not map country name to standard code"
9,"Access to Electricity",NA,"IBRD only","Could not map country name to standard code"
9,"Access to Electricity",NA,"IBRD only","Could not map country name to standard code"
9,"Access to Electricity",NA,"IBRD only","Could not map country name to standard code"
9,"Access to Electricity",NA,"IBRD only","Could not map country name to standard code"
9,"Access to Electricity",NA,"IBRD only","Could not map country name to standard code"
9,"Access to Electricity",NA,"IBRD only","Could not map country name to standard code"
9,"Access to Electricity",NA,"IBRD only","Could not map country name to standard code"
9,"Access to Electricity",NA,"IDA & IBRD total","Could not map country name to standard code"
9,"Access to Electricity",NA,"IDA & IBRD total","Could not map country name to standard code"
9,"Access to Electricity",NA,"IDA & IBRD total","Could not map country name to standard code"
9,"Access to Electricity",NA,"IDA & IBRD total","Could not map country name to standard code"
9,"Access to Electricity",NA,"IDA & IBRD total","Could not map country name to standard code"
9,"Access to Electricity",NA,"IDA & IBRD total","Could not map country name to standard code"
9,"Access to Electricity",NA,"IDA & IBRD total","Could not map country name to standard code"
9,"Access to Electricity",NA,"IDA & IBRD total","Could not map country name to standard code"
9,"Access to Electricity",NA,"IDA & IBRD total","Could not map country name to standard code"
9,"Access to Electricity",NA,"IDA & IBRD total","Could not map country name to standard code"
9,"Access to Electricity",NA,"IDA blend","Could not map country name to standard code"
9,"Access to Electricity",NA,"IDA blend","Could not map country name to standard code"
9,"Access to Electricity",NA,"IDA blend","Could not map country name to standard code"
9,"Access to Electricity",NA,"IDA blend","Could not map country name to standard code"
9,"Access to Electricity",NA,"IDA blend","Could not map country name to standard code"
9,"Access to Electricity",NA,"IDA blend","Could not map country name to standard code"
9,"Access to Electricity",NA,"IDA blend","Could not map country name to standard code"
9,"Access to Electricity",NA,"IDA blend","Could not map country name to standard code"
9,"Access to Electricity",NA,"IDA blend","Could not map country name to standard code"
9,"Access to Electricity",NA,"IDA blend","Could not map country name to standard code"
9,"Access to Electricity",NA,"IDA only","Could not map country name to standard code"
9,"Access to Electricity",NA,"IDA only","Could not map country name to standard code"
9,"Access to Electricity",NA,"IDA only","Could not map country name to standard code"
9,"Access to Electricity",NA,"IDA only","Could not map country name to standard code"
9,"Access to Electricity",NA,"IDA only","Could not map country name to standard code"
9,"Access to Electricity",NA,"IDA only","Could not map country name to standard code"
9,"Access to Electricity",NA,"IDA only","Could not map country name to standard code"
9,"Access to Electricity",NA,"IDA only","Could not map country name to standard code"
9,"Access to Electricity",NA,"IDA only","Could not map country name to standard code"
9,"Access to Electricity",NA,"IDA only","Could not map country name to standard code"
9,"Access to Electricity",NA,"IDA total","Could not map country name to standard code"
9,"Access to Electricity",NA,"IDA total","Could not map country name to standard code"
9,"Access to Electricity",NA,"IDA total","Could not map country name to standard code"
9,"Access to Electricity",NA,"IDA total","Could not map country name to standard code"
9,"Access to Electricity",NA,"IDA total","Could not map country name to standard code"
9,"Access to Electricity",NA,"IDA total","Could not map country name to standard code"
9,"Access to Electricity",NA,"IDA total","Could not map country name to standard code"
9,"Access to Electricity",NA,"IDA total","Could not map country name to standard code"
9,"Access to Electricity",NA,"IDA total","Could not map country name to standard code"
9,"Access to Electricity",NA,"IDA total","Could not map country name to standard code"
9,"Access to Electricity",NA,"Late-demographic dividend","Could not map country name to standard code"
9,"Access to Electricity",NA,"Late-demographic dividend","Could not map country name to standard code"
9,"Access to Electricity",NA,"Late-demographic dividend","Could not map country name to standard code"
9,"Access to Electricity",NA,"Late-demographic dividend","Could not map country name to standard code"
9,"Access to Electricity",NA,"Late-demographic dividend","Could not map country name to standard code"
9,"Access to Electricity",NA,"Late-demographic dividend","Could not map country name to standard code"
9,"Access to Electricity",NA,"Late-demographic dividend","Could not map country name to standard code"
9,"Access to Electricity",NA,"Late-demographic dividend","Could not map country name to standard code"
9,"Access to Electricity",NA,"Late-demographic dividend","Could not map country name to standard code"
9,"Access to Electricity",NA,"Late-demographic dividend","Could not map country name to standard code"
9,"Access to Electricity",NA,"Latin America & Caribbean","Could not map country name to standard code"
9,"Access to Electricity",NA,"Latin America & Caribbean","Could not map country name to standard code"
9,"Access to Electricity",NA,"Latin America & Caribbean","Could not map country name to standard code"
9,"Access to Electricity",NA,"Latin America & Caribbean","Could not map country name to standard code"
9,"Access to Electricity",NA,"Latin America & Caribbean","Could not map country name to standard code"
9,"Access to Electricity",NA,"Latin America & Caribbean","Could not map country name to standard code"
9,"Access to Electricity",NA,"Latin America & Caribbean","Could not map country name to standard code"
9,"Access to Electricity",NA,"Latin America & Caribbean","Could not map country name to standard code"
9,"Access to Electricity",NA,"Latin America & Caribbean","Could not map country name to standard code"
9,"Access to Electricity",NA,"Latin America & Caribbean","Could not map country name to standard code"
9,"Access to Electricity",NA,"Latin America & Caribbean (excluding high income)","Could not map country name to standard code"
9,"Access to Electricity",NA,"Latin America & Caribbean (excluding high income)","Could not map country name to standard code"
9,"Access to Electricity",NA,"Latin America & Caribbean (excluding high income)","Could not map country name to standard code"
9,"Access to Electricity",NA,"Latin America & Caribbean (excluding high income)","Could not map country name to standard code"
9,"Access to Electricity",NA,"Latin America & Caribbean (excluding high income)","Could not map country name to standard code"
9,"Access to Electricity",NA,"Latin America & Caribbean (excluding high income)","Could not map country name to standard code"
9,"Access to Electricity",NA,"Latin America & Caribbean (excluding high income)","Could not map country name to standard code"
9,"Access to Electricity",NA,"Latin America & Caribbean (excluding high income)","Could not map country name to standard code"
9,"Access to Electricity",NA,"Latin America & Caribbean (excluding high income)","Could not map country name to standard code"
9,"Access to Electricity",NA,"Latin America & Caribbean (excluding high income)","Could not map country name to standard code"
9,"Access to Electricity",NA,"Latin America & the Caribbean (IDA & IBRD countries)","Could not map country name to standard code"
9,"Access to Electricity",NA,"Latin America & the Caribbean (IDA & IBRD countries)","Could not map country name to standard code"
9,"Access to Electricity",NA,"Latin America & the Caribbean (IDA & IBRD countries)","Could not map country name to standard code"
9,"Access to Electricity",NA,"Latin America & the Caribbean (IDA & IBRD countries)","Could not map country name to standard code"
9,"Access to Electricity",NA,"Latin America & the Caribbean (IDA & IBRD countries)","Could not map country name to standard code"
9,"Access to Electricity",NA,"Latin America & the Caribbean (IDA & IBRD countries)","Could not map country name to standard code"
9,"Access to Electricity",NA,"Latin America & the Caribbean (IDA & IBRD countries)","Could not map country name to standard code"
9,"Access to Electricity",NA,"Latin America & the Caribbean (IDA & IBRD countries)","Could not map country name to standard code"
9,"Access to Electricity",NA,"Latin America & the Caribbean (IDA & IBRD countries)","Could not map country name to standard code"
9,"Access to Electricity",NA,"Latin America & the Caribbean (IDA & IBRD countries)","Could not map country name to standard code"
9,"Access to Electricity",NA,"Least developed countries: UN classification","Could not map country name to standard code"
9,"Access to Electricity",NA,"Least developed countries: UN classification","Could not map country name to standard code"
9,"Access to Electricity",NA,"Least developed countries: UN classification","Could not map country name to standard code"
9,"Access to Electricity",NA,"Least developed countries: UN classification","Could not map country name to standard code"
9,"Access to Electricity",NA,"Least developed countries: UN classification","Could not map country name to standard code"
9,"Access to Electricity",NA,"Least developed countries: UN classification","Could not map country name to standard code"
9,"Access to Electricity",NA,"Least developed countries: UN classification","Could not map country name to standard code"
9,"Access to Electricity",NA,"Least developed countries: UN classification","Could not map country name to standard code"
9,"Access to Electricity",NA,"Least developed countries: UN classification","Could not map country name to standard code"
9,"Access to Electricity",NA,"Least developed countries: UN classification","Could not map country name to standard code"
9,"Access to Electricity",NA,"Low & middle income","Could not map country name to standard code"
9,"Access to Electricity",NA,"Low & middle income","Could not map country name to standard code"
9,"Access to Electricity",NA,"Low & middle income","Could not map country name to standard code"
9,"Access to Electricity",NA,"Low & middle income","Could not map country name to standard code"
9,"Access to Electricity",NA,"Low & middle income","Could not map country name to standard code"
9,"Access to Electricity",NA,"Low & middle income","Could not map country name to standard code"
9,"Access to Electricity",NA,"Low & middle income","Could not map country name to standard code"
9,"Access to Electricity",NA,"Low & middle income","Could not map country name to standard code"
9,"Access to Electricity",NA,"Low & middle income","Could not map country name to standard code"
9,"Access to Electricity",NA,"Low & middle income","Could not map country name to standard code"
9,"Access to Electricity",NA,"Low income","Could not map country name to standard code"
9,"Access to Electricity",NA,"Low income","Could not map country name to standard code"
9,"Access to Electricity",NA,"Low income","Could not map country name to standard code"
9,"Access to Electricity",NA,"Low income","Could not map country name to standard code"
9,"Access to Electricity",NA,"Low income","Could not map country name to standard code"
9,"Access to Electricity",NA,"Low income","Could not map country name to standard code"
9,"Access to Electricity",NA,"Low income","Could not map country name to standard code"
9,"Access to Electricity",NA,"Low income","Could not map country name to standard code"
9,"Access to Electricity",NA,"Low income","Could not map country name to standard code"
9,"Access to Electricity",NA,"Low income","Could not map country name to standard code"
9,"Access to Electricity",NA,"Lower middle income","Could not map country name to standard code"
9,"Access to Electricity",NA,"Lower middle income","Could not map country name to standard code"
9,"Access to Electricity",NA,"Lower middle income","Could not map country name to standard code"
9,"Access to Electricity",NA,"Lower middle income","Could not map country name to standard code"
9,"Access to Electricity",NA,"Lower middle income","Could not map country name to standard code"
9,"Access to Electricity",NA,"Lower middle income","Could not map country name to standard code"
9,"Access to Electricity",NA,"Lower middle income","Could not map country name to standard code"
9,"Access to Electricity",NA,"Lower middle income","Could not map country name to standard code"
9,"Access to Electricity",NA,"Lower middle income","Could not map country name to standard code"
9,"Access to Electricity",NA,"Lower middle income","Could not map country name to standard code"
9,"Access to Electricity",NA,"Middle East, North Africa, Afghanistan & Pakistan","Could not map country name to standard code"
9,"Access to Electricity",NA,"Middle East, North Africa, Afghanistan & Pakistan","Could not map country name to standard code"
9,"Access to Electricity",NA,"Middle East, North Africa, Afghanistan & Pakistan","Could not map country name to standard code"
9,"Access to Electricity",NA,"Middle East, North Africa, Afghanistan & Pakistan","Could not map country name to standard code"
9,"Access to Electricity",NA,"Middle East, North Africa, Afghanistan & Pakistan","Could not map country name to standard code"
9,"Access to Electricity",NA,"Middle East, North Africa, Afghanistan & Pakistan","Could not map country name to standard code"
9,"Access to Electricity",NA,"Middle East, North Africa, Afghanistan & Pakistan","Could not map country name to standard code"
9,"Access to Electricity",NA,"Middle East, North Africa, Afghanistan & Pakistan","Could not map country name to standard code"
9,"Access to Electricity",NA,"Middle East, North Africa, Afghanistan & Pakistan","Could not map country name to standard code"
9,"Access to Electricity",NA,"Middle East, North Africa, Afghanistan & Pakistan","Could not map country name to standard code"
9,"Access to Electricity",NA,"Middle East, North Africa, Afghanistan & Pakistan (excluding high income)","Could not map country name to standard code"
9,"Access to Electricity",NA,"Middle East, North Africa, Afghanistan & Pakistan (excluding high income)","Could not map country name to standard code"
9,"Access to Electricity",NA,"Middle East, North Africa, Afghanistan & Pakistan (excluding high income)","Could not map country name to standard code"
9,"Access to Electricity",NA,"Middle East, North Africa, Afghanistan & Pakistan (excluding high income)","Could not map country name to standard code"
9,"Access to Electricity",NA,"Middle East, North Africa, Afghanistan & Pakistan (excluding high income)","Could not map country name to standard code"
9,"Access to Electricity",NA,"Middle East, North Africa, Afghanistan & Pakistan (excluding high income)","Could not map country name to standard code"
9,"Access to Electricity",NA,"Middle East, North Africa, Afghanistan & Pakistan (excluding high income)","Could not map country name to standard code"
9,"Access to Electricity",NA,"Middle East, North Africa, Afghanistan & Pakistan (excluding high income)","Could not map country name to standard code"
9,"Access to Electricity",NA,"Middle East, North Africa, Afghanistan & Pakistan (excluding high income)","Could not map country name to standard code"
9,"Access to Electricity",NA,"Middle East, North Africa, Afghanistan & Pakistan (excluding high income)","Could not map country name to standard code"
9,"Access to Electricity",NA,"Middle East, North Africa, Afghanistan & Pakistan (IDA & IBRD)","Could not map country name to standard code"
9,"Access to Electricity",NA,"Middle East, North Africa, Afghanistan & Pakistan (IDA & IBRD)","Could not map country name to standard code"
9,"Access to Electricity",NA,"Middle East, North Africa, Afghanistan & Pakistan (IDA & IBRD)","Could not map country name to standard code"
9,"Access to Electricity",NA,"Middle East, North Africa, Afghanistan & Pakistan (IDA & IBRD)","Could not map country name to standard code"
9,"Access to Electricity",NA,"Middle East, North Africa, Afghanistan & Pakistan (IDA & IBRD)","Could not map country name to standard code"
9,"Access to Electricity",NA,"Middle East, North Africa, Afghanistan & Pakistan (IDA & IBRD)","Could not map country name to standard code"
9,"Access to Electricity",NA,"Middle East, North Africa, Afghanistan & Pakistan (IDA & IBRD)","Could not map country name to standard code"
9,"Access to Electricity",NA,"Middle East, North Africa, Afghanistan & Pakistan (IDA & IBRD)","Could not map country name to standard code"
9,"Access to Electricity",NA,"Middle East, North Africa, Afghanistan & Pakistan (IDA & IBRD)","Could not map country name to standard code"
9,"Access to Electricity",NA,"Middle East, North Africa, Afghanistan & Pakistan (IDA & IBRD)","Could not map country name to standard code"
9,"Access to Electricity",NA,"Middle income","Could not map country name to standard code"
9,"Access to Electricity",NA,"Middle income","Could not map country name to standard code"
9,"Access to Electricity",NA,"Middle income","Could not map country name to standard code"
9,"Access to Electricity",NA,"Middle income","Could not map country name to standard code"
9,"Access to Electricity",NA,"Middle income","Could not map country name to standard code"
9,"Access to Electricity",NA,"Middle income","Could not map country name to standard code"
9,"Access to Electricity",NA,"Middle income","Could not map country name to standard code"
9,"Access to Electricity",NA,"Middle income","Could not map country name to standard code"
9,"Access to Electricity",NA,"Middle income","Could not map country name to standard code"
9,"Access to Electricity",NA,"Middle income","Could not map country name to standard code"
9,"Access to Electricity",NA,"North America","Could not map country name to standard code"
9,"Access to Electricity",NA,"North America","Could not map country name to standard code"
9,"Access to Electricity",NA,"North America","Could not map country name to standard code"
9,"Access to Electricity",NA,"North America","Could not map country name to standard code"
9,"Access to Electricity",NA,"North America","Could not map country name to standard code"
9,"Access to Electricity",NA,"North America","Could not map country name to standard code"
9,"Access to Electricity",NA,"North America","Could not map country name to standard code"
9,"Access to Electricity",NA,"North America","Could not map country name to standard code"
9,"Access to Electricity",NA,"North America","Could not map country name to standard code"
9,"Access to Electricity",NA,"North America","Could not map country name to standard code"
9,"Access to Electricity",NA,"Not classified","Could not map country name to standard code"
9,"Access to Electricity",NA,"Not classified","Could not map country name to standard code"
9,"Access to Electricity",NA,"Not classified","Could not map country name to standard code"
9,"Access to Electricity",NA,"Not classified","Could not map country name to standard code"
9,"Access to Electricity",NA,"Not classified","Could not map country name to standard code"
9,"Access to Electricity",NA,"Not classified","Could not map country name to standard code"
9,"Access to Electricity",NA,"Not classified","Could not map country name to standard code"
9,"Access to Electricity",NA,"Not classified","Could not map country name to standard code"
9,"Access to Electricity",NA,"Not classified","Could not map country name to standard code"
9,"Access to Electricity",NA,"Not classified","Could not map country name to standard code"
9,"Access to Electricity",NA,"OECD members","Could not map country name to standard code"
9,"Access to Electricity",NA,"OECD members","Could not map country name to standard code"
9,"Access to Electricity",NA,"OECD members","Could not map country name to standard code"
9,"Access to Electricity",NA,"OECD members","Could not map country name to standard code"
9,"Access to Electricity",NA,"OECD members","Could not map country name to standard code"
9,"Access to Electricity",NA,"OECD members","Could not map country name to standard code"
9,"Access to Electricity",NA,"OECD members","Could not map country name to standard code"
9,"Access to Electricity",NA,"OECD members","Could not map country name to standard code"
9,"Access to Electricity",NA,"OECD members","Could not map country name to standard code"
9,"Access to Electricity",NA,"OECD members","Could not map country name to standard code"
9,"Access to Electricity",NA,"Other small states","Could not map country name to standard code"
9,"Access to Electricity",NA,"Other small states","Could not map country name to standard code"
9,"Access to Electricity",NA,"Other small states","Could not map country name to standard code"
9,"Access to Electricity",NA,"Other small states","Could not map country name to standard code"
9,"Access to Electricity",NA,"Other small states","Could not map country name to standard code"
9,"Access to Electricity",NA,"Other small states","Could not map country name to standard code"
9,"Access to Electricity",NA,"Other small states","Could not map country name to standard code"
9,"Access to Electricity",NA,"Other small states","Could not map country name to standard code"
9,"Access to Electricity",NA,"Other small states","Could not map country name to standard code"
9,"Access to Electricity",NA,"Other small states","Could not map country name to standard code"
9,"Access to Electricity",NA,"Pacific island small states","Could not map country name to standard code"
9,"Access to Electricity",NA,"Pacific island small states","Could not map country name to standard code"
9,"Access to Electricity",NA,"Pacific island small states","Could not map country name to standard code"
9,"Access to Electricity",NA,"Pacific island small states","Could not map country name to standard code"
9,"Access to Electricity",NA,"Pacific island small states","Could not map country name to standard code"
9,"Access to Electricity",NA,"Pacific island small states","Could not map country name to standard code"
9,"Access to Electricity",NA,"Pacific island small states","Could not map country name to standard code"
9,"Access to Electricity",NA,"Pacific island small states","Could not map country name to standard code"
9,"Access to Electricity",NA,"Pacific island small states","Could not map country name to standard code"
9,"Access to Electricity",NA,"Pacific island small states","Could not map country name to standard code"
9,"Access to Electricity",NA,"Post-demographic dividend","Could not map country name to standard code"
9,"Access to Electricity",NA,"Post-demographic dividend","Could not map country name to standard code"
9,"Access to Electricity",NA,"Post-demographic dividend","Could not map country name to standard code"
9,"Access to Electricity",NA,"Post-demographic dividend","Could not map country name to standard code"
9,"Access to Electricity",NA,"Post-demographic dividend","Could not map country name to standard code"
9,"Access to Electricity",NA,"Post-demographic dividend","Could not map country name to standard code"
9,"Access to Electricity",NA,"Post-demographic dividend","Could not map country name to standard code"
9,"Access to Electricity",NA,"Post-demographic dividend","Could not map country name to standard code"
9,"Access to Electricity",NA,"Post-demographic dividend","Could not map country name to standard code"
9,"Access to Electricity",NA,"Post-demographic dividend","Could not map country name to standard code"
9,"Access to Electricity",NA,"Pre-demographic dividend","Could not map country name to standard code"
9,"Access to Electricity",NA,"Pre-demographic dividend","Could not map country name to standard code"
9,"Access to Electricity",NA,"Pre-demographic dividend","Could not map country name to standard code"
9,"Access to Electricity",NA,"Pre-demographic dividend","Could not map country name to standard code"
9,"Access to Electricity",NA,"Pre-demographic dividend","Could not map country name to standard code"
9,"Access to Electricity",NA,"Pre-demographic dividend","Could not map country name to standard code"
9,"Access to Electricity",NA,"Pre-demographic dividend","Could not map country name to standard code"
9,"Access to Electricity",NA,"Pre-demographic dividend","Could not map country name to standard code"
9,"Access to Electricity",NA,"Pre-demographic dividend","Could not map country name to standard code"
9,"Access to Electricity",NA,"Pre-demographic dividend","Could not map country name to standard code"
9,"Access to Electricity",NA,"Small states","Could not map country name to standard code"
9,"Access to Electricity",NA,"Small states","Could not map country name to standard code"
9,"Access to Electricity",NA,"Small states","Could not map country name to standard code"
9,"Access to Electricity",NA,"Small states","Could not map country name to standard code"
9,"Access to Electricity",NA,"Small states","Could not map country name to standard code"
9,"Access to Electricity",NA,"Small states","Could not map country name to standard code"
9,"Access to Electricity",NA,"Small states","Could not map country name to standard code"
9,"Access to Electricity",NA,"Small states","Could not map country name to standard code"
9,"Access to Electricity",NA,"Small states","Could not map country name to standard code"
9,"Access to Electricity",NA,"Small states","Could not map country name to standard code"
9,"Access to Electricity",NA,"South Asia","Could not map country name to standard code"
9,"Access to Electricity",NA,"South Asia","Could not map country name to standard code"
9,"Access to Electricity",NA,"South Asia","Could not map country name to standard code"
9,"Access to Electricity",NA,"South Asia","Could not map country name to standard code"
9,"Access to Electricity",NA,"South Asia","Could not map country name to standard code"
9,"Access to Electricity",NA,"South Asia","Could not map country name to standard code"
9,"Access to Electricity",NA,"South Asia","Could not map country name to standard code"
9,"Access to Electricity",NA,"South Asia","Could not map country name to standard code"
9,"Access to Electricity",NA,"South Asia","Could not map country name to standard code"
9,"Access to Electricity",NA,"South Asia","Could not map country name to standard code"
9,"Access to Electricity",NA,"South Asia (IDA & IBRD)","Could not map country name to standard code"
9,"Access to Electricity",NA,"South Asia (IDA & IBRD)","Could not map country name to standard code"
9,"Access to Electricity",NA,"South Asia (IDA & IBRD)","Could not map country name to standard code"
9,"Access to Electricity",NA,"South Asia (IDA & IBRD)","Could not map country name to standard code"
9,"Access to Electricity",NA,"South Asia (IDA & IBRD)","Could not map country name to standard code"
9,"Access to Electricity",NA,"South Asia (IDA & IBRD)","Could not map country name to standard code"
9,"Access to Electricity",NA,"South Asia (IDA & IBRD)","Could not map country name to standard code"
9,"Access to Electricity",NA,"South Asia (IDA & IBRD)","Could not map country name to standard code"
9,"Access to Electricity",NA,"South Asia (IDA & IBRD)","Could not map country name to standard code"
9,"Access to Electricity",NA,"South Asia (IDA & IBRD)","Could not map country name to standard code"
9,"Access to Electricity",NA,"Sub-Saharan Africa","Could not map country name to standard code"
9,"Access to Electricity",NA,"Sub-Saharan Africa","Could not map country name to standard code"
9,"Access to Electricity",NA,"Sub-Saharan Africa","Could not map country name to standard code"
9,"Access to Electricity",NA,"Sub-Saharan Africa","Could not map country name to standard code"
9,"Access to Electricity",NA,"Sub-Saharan Africa","Could not map country name to standard code"
9,"Access to Electricity",NA,"Sub-Saharan Africa","Could not map country name to standard code"
9,"Access to Electricity",NA,"Sub-Saharan Africa","Could not map country name to standard code"
9,"Access to Electricity",NA,"Sub-Saharan Africa","Could not map country name to standard code"
9,"Access to Electricity",NA,"Sub-Saharan Africa","Could not map country name to standard code"
9,"Access to Electricity",NA,"Sub-Saharan Africa","Could not map country name to standard code"
9,"Access to Electricity",NA,"Sub-Saharan Africa (excluding high income)","Could not map country name to standard code"
9,"Access to Electricity",NA,"Sub-Saharan Africa (excluding high income)","Could not map country name to standard code"
9,"Access to Electricity",NA,"Sub-Saharan Africa (excluding high income)","Could not map country name to standard code"
9,"Access to Electricity",NA,"Sub-Saharan Africa (excluding high income)","Could not map country name to standard code"
9,"Access to Electricity",NA,"Sub-Saharan Africa (excluding high income)","Could not map country name to standard code"
9,"Access to Electricity",NA,"Sub-Saharan Africa (excluding high income)","Could not map country name to standard code"
9,"Access to Electricity",NA,"Sub-Saharan Africa (excluding high income)","Could not map country name to standard code"
9,"Access to Electricity",NA,"Sub-Saharan Africa (excluding high income)","Could not map country name to standard code"
9,"Access to Electricity",NA,"Sub-Saharan Africa (excluding high income)","Could not map country name to standard code"
9,"Access to Electricity",NA,"Sub-Saharan Africa (excluding high income)","Could not map country name to standard code"
9,"Access to Electricity",NA,"Sub-Saharan Africa (IDA & IBRD countries)","Could not map country name to standard code"
9,"Access to Electricity",NA,"Sub-Saharan Africa (IDA & IBRD countries)","Could not map country name to standard code"
9,"Access to Electricity",NA,"Sub-Saharan Africa (IDA & IBRD countries)","Could not map country name to standard code"
9,"Access to Electricity",NA,"Sub-Saharan Africa (IDA & IBRD countries)","Could not map country name to standard code"
9,"Access to Electricity",NA,"Sub-Saharan Africa (IDA & IBRD countries)","Could not map country name to standard code"
9,"Access to Electricity",NA,"Sub-Saharan Africa (IDA & IBRD countries)","Could not map country name to standard code"
9,"Access to Electricity",NA,"Sub-Saharan Africa (IDA & IBRD countries)","Could not map country name to standard code"
9,"Access to Electricity",NA,"Sub-Saharan Africa (IDA & IBRD countries)","Could not map country name to standard code"
9,"Access to Electricity",NA,"Sub-Saharan Africa (IDA & IBRD countries)","Could not map country name to standard code"
9,"Access to Electricity",NA,"Sub-Saharan Africa (IDA & IBRD countries)","Could not map country name to standard code"
9,"Access to Electricity",NA,"Upper middle income","Could not map country name to standard code"
9,"Access to Electricity",NA,"Upper middle income","Could not map country name to standard code"
9,"Access to Electricity",NA,"Upper middle income","Could not map country name to standard code"
9,"Access to Electricity",NA,"Upper middle income","Could not map country name to standard code"
9,"Access to Electricity",NA,"Upper middle income","Could not map country name to standard code"
9,"Access to Electricity",NA,"Upper middle income","Could not map country name to standard code"
9,"Access to Electricity",NA,"Upper middle income","Could not map country name to standard code"
9,"Access to Electricity",NA,"Upper middle income","Could not map country name to standard code"
9,"Access to Electricity",NA,"Upper middle income","Could not map country name to standard code"
9,"Access to Electricity",NA,"Upper middle income","Could not map country name to standard code"
9,"Access to Electricity",NA,"World","Could not map country name to standard code"
9,"Access to Electricity",NA,"World","Could not map country name to standard code"
9,"Access to Electricity",NA,"World","Could not map country name to standard code"
9,"Access to Electricity",NA,"World","Could not map country name to standard code"
9,"Access to Electricity",NA,"World","Could not map country name to standard code"
9,"Access to Electricity",NA,"World","Could not map country name to standard code"
9,"Access to Electricity",NA,"World","Could not map country name to standard code"
9,"Access to Electricity",NA,"World","Could not map country name to standard code"
9,"Access to Electricity",NA,"World","Could not map country name to standard code"
9,"Access to Electricity",NA,"World","Could not map country name to standard code"
10,"Rural Population %",NA,"Africa Eastern and Southern","Could not map country name to standard code"
10,"Rural Population %",NA,"Africa Eastern and Southern","Could not map country name to standard code"
10,"Rural Population %",NA,"Africa Eastern and Southern","Could not map country name to standard code"
10,"Rural Population %",NA,"Africa Eastern and Southern","Could not map country name to standard code"
10,"Rural Population %",NA,"Africa Eastern and Southern","Could not map country name to standard code"
10,"Rural Population %",NA,"Africa Eastern and Southern","Could not map country name to standard code"
10,"Rural Population %",NA,"Africa Eastern and Southern","Could not map country name to standard code"
10,"Rural Population %",NA,"Africa Eastern and Southern","Could not map country name to standard code"
10,"Rural Population %",NA,"Africa Eastern and Southern","Could not map country name to standard code"
10,"Rural Population %",NA,"Africa Eastern and Southern","Could not map country name to standard code"
10,"Rural Population %",NA,"Africa Western and Central","Could not map country name to standard code"
10,"Rural Population %",NA,"Africa Western and Central","Could not map country name to standard code"
10,"Rural Population %",NA,"Africa Western and Central","Could not map country name to standard code"
10,"Rural Population %",NA,"Africa Western and Central","Could not map country name to standard code"
10,"Rural Population %",NA,"Africa Western and Central","Could not map country name to standard code"
10,"Rural Population %",NA,"Africa Western and Central","Could not map country name to standard code"
10,"Rural Population %",NA,"Africa Western and Central","Could not map country name to standard code"
10,"Rural Population %",NA,"Africa Western and Central","Could not map country name to standard code"
10,"Rural Population %",NA,"Africa Western and Central","Could not map country name to standard code"
10,"Rural Population %",NA,"Africa Western and Central","Could not map country name to standard code"
10,"Rural Population %",NA,"Arab World","Could not map country name to standard code"
10,"Rural Population %",NA,"Arab World","Could not map country name to standard code"
10,"Rural Population %",NA,"Arab World","Could not map country name to standard code"
10,"Rural Population %",NA,"Arab World","Could not map country name to standard code"
10,"Rural Population %",NA,"Arab World","Could not map country name to standard code"
10,"Rural Population %",NA,"Arab World","Could not map country name to standard code"
10,"Rural Population %",NA,"Arab World","Could not map country name to standard code"
10,"Rural Population %",NA,"Arab World","Could not map country name to standard code"
10,"Rural Population %",NA,"Arab World","Could not map country name to standard code"
10,"Rural Population %",NA,"Arab World","Could not map country name to standard code"
10,"Rural Population %",NA,"Caribbean small states","Could not map country name to standard code"
10,"Rural Population %",NA,"Caribbean small states","Could not map country name to standard code"
10,"Rural Population %",NA,"Caribbean small states","Could not map country name to standard code"
10,"Rural Population %",NA,"Caribbean small states","Could not map country name to standard code"
10,"Rural Population %",NA,"Caribbean small states","Could not map country name to standard code"
10,"Rural Population %",NA,"Caribbean small states","Could not map country name to standard code"
10,"Rural Population %",NA,"Caribbean small states","Could not map country name to standard code"
10,"Rural Population %",NA,"Caribbean small states","Could not map country name to standard code"
10,"Rural Population %",NA,"Caribbean small states","Could not map country name to standard code"
10,"Rural Population %",NA,"Caribbean small states","Could not map country name to standard code"
10,"Rural Population %",NA,"Central Europe and the Baltics","Could not map country name to standard code"
10,"Rural Population %",NA,"Central Europe and the Baltics","Could not map country name to standard code"
10,"Rural Population %",NA,"Central Europe and the Baltics","Could not map country name to standard code"
10,"Rural Population %",NA,"Central Europe and the Baltics","Could not map country name to standard code"
10,"Rural Population %",NA,"Central Europe and the Baltics","Could not map country name to standard code"
10,"Rural Population %",NA,"Central Europe and the Baltics","Could not map country name to standard code"
10,"Rural Population %",NA,"Central Europe and the Baltics","Could not map country name to standard code"
10,"Rural Population %",NA,"Central Europe and the Baltics","Could not map country name to standard code"
10,"Rural Population %",NA,"Central Europe and the Baltics","Could not map country name to standard code"
10,"Rural Population %",NA,"Central Europe and the Baltics","Could not map country name to standard code"
10,"Rural Population %",NA,"Early-demographic dividend","Could not map country name to standard code"
10,"Rural Population %",NA,"Early-demographic dividend","Could not map country name to standard code"
10,"Rural Population %",NA,"Early-demographic dividend","Could not map country name to standard code"
10,"Rural Population %",NA,"Early-demographic dividend","Could not map country name to standard code"
10,"Rural Population %",NA,"Early-demographic dividend","Could not map country name to standard code"
10,"Rural Population %",NA,"Early-demographic dividend","Could not map country name to standard code"
10,"Rural Population %",NA,"Early-demographic dividend","Could not map country name to standard code"
10,"Rural Population %",NA,"Early-demographic dividend","Could not map country name to standard code"
10,"Rural Population %",NA,"Early-demographic dividend","Could not map country name to standard code"
10,"Rural Population %",NA,"Early-demographic dividend","Could not map country name to standard code"
10,"Rural Population %",NA,"East Asia & Pacific","Could not map country name to standard code"
10,"Rural Population %",NA,"East Asia & Pacific","Could not map country name to standard code"
10,"Rural Population %",NA,"East Asia & Pacific","Could not map country name to standard code"
10,"Rural Population %",NA,"East Asia & Pacific","Could not map country name to standard code"
10,"Rural Population %",NA,"East Asia & Pacific","Could not map country name to standard code"
10,"Rural Population %",NA,"East Asia & Pacific","Could not map country name to standard code"
10,"Rural Population %",NA,"East Asia & Pacific","Could not map country name to standard code"
10,"Rural Population %",NA,"East Asia & Pacific","Could not map country name to standard code"
10,"Rural Population %",NA,"East Asia & Pacific","Could not map country name to standard code"
10,"Rural Population %",NA,"East Asia & Pacific","Could not map country name to standard code"
10,"Rural Population %",NA,"East Asia & Pacific (excluding high income)","Could not map country name to standard code"
10,"Rural Population %",NA,"East Asia & Pacific (excluding high income)","Could not map country name to standard code"
10,"Rural Population %",NA,"East Asia & Pacific (excluding high income)","Could not map country name to standard code"
10,"Rural Population %",NA,"East Asia & Pacific (excluding high income)","Could not map country name to standard code"
10,"Rural Population %",NA,"East Asia & Pacific (excluding high income)","Could not map country name to standard code"
10,"Rural Population %",NA,"East Asia & Pacific (excluding high income)","Could not map country name to standard code"
10,"Rural Population %",NA,"East Asia & Pacific (excluding high income)","Could not map country name to standard code"
10,"Rural Population %",NA,"East Asia & Pacific (excluding high income)","Could not map country name to standard code"
10,"Rural Population %",NA,"East Asia & Pacific (excluding high income)","Could not map country name to standard code"
10,"Rural Population %",NA,"East Asia & Pacific (excluding high income)","Could not map country name to standard code"
10,"Rural Population %",NA,"East Asia & Pacific (IDA & IBRD countries)","Could not map country name to standard code"
10,"Rural Population %",NA,"East Asia & Pacific (IDA & IBRD countries)","Could not map country name to standard code"
10,"Rural Population %",NA,"East Asia & Pacific (IDA & IBRD countries)","Could not map country name to standard code"
10,"Rural Population %",NA,"East Asia & Pacific (IDA & IBRD countries)","Could not map country name to standard code"
10,"Rural Population %",NA,"East Asia & Pacific (IDA & IBRD countries)","Could not map country name to standard code"
10,"Rural Population %",NA,"East Asia & Pacific (IDA & IBRD countries)","Could not map country name to standard code"
10,"Rural Population %",NA,"East Asia & Pacific (IDA & IBRD countries)","Could not map country name to standard code"
10,"Rural Population %",NA,"East Asia & Pacific (IDA & IBRD countries)","Could not map country name to standard code"
10,"Rural Population %",NA,"East Asia & Pacific (IDA & IBRD countries)","Could not map country name to standard code"
10,"Rural Population %",NA,"East Asia & Pacific (IDA & IBRD countries)","Could not map country name to standard code"
10,"Rural Population %",NA,"Euro area","Could not map country name to standard code"
10,"Rural Population %",NA,"Euro area","Could not map country name to standard code"
10,"Rural Population %",NA,"Euro area","Could not map country name to standard code"
10,"Rural Population %",NA,"Euro area","Could not map country name to standard code"
10,"Rural Population %",NA,"Euro area","Could not map country name to standard code"
10,"Rural Population %",NA,"Euro area","Could not map country name to standard code"
10,"Rural Population %",NA,"Euro area","Could not map country name to standard code"
10,"Rural Population %",NA,"Euro area","Could not map country name to standard code"
10,"Rural Population %",NA,"Euro area","Could not map country name to standard code"
10,"Rural Population %",NA,"Euro area","Could not map country name to standard code"
10,"Rural Population %",NA,"Europe & Central Asia","Could not map country name to standard code"
10,"Rural Population %",NA,"Europe & Central Asia","Could not map country name to standard code"
10,"Rural Population %",NA,"Europe & Central Asia","Could not map country name to standard code"
10,"Rural Population %",NA,"Europe & Central Asia","Could not map country name to standard code"
10,"Rural Population %",NA,"Europe & Central Asia","Could not map country name to standard code"
10,"Rural Population %",NA,"Europe & Central Asia","Could not map country name to standard code"
10,"Rural Population %",NA,"Europe & Central Asia","Could not map country name to standard code"
10,"Rural Population %",NA,"Europe & Central Asia","Could not map country name to standard code"
10,"Rural Population %",NA,"Europe & Central Asia","Could not map country name to standard code"
10,"Rural Population %",NA,"Europe & Central Asia","Could not map country name to standard code"
10,"Rural Population %",NA,"Europe & Central Asia (excluding high income)","Could not map country name to standard code"
10,"Rural Population %",NA,"Europe & Central Asia (excluding high income)","Could not map country name to standard code"
10,"Rural Population %",NA,"Europe & Central Asia (excluding high income)","Could not map country name to standard code"
10,"Rural Population %",NA,"Europe & Central Asia (excluding high income)","Could not map country name to standard code"
10,"Rural Population %",NA,"Europe & Central Asia (excluding high income)","Could not map country name to standard code"
10,"Rural Population %",NA,"Europe & Central Asia (excluding high income)","Could not map country name to standard code"
10,"Rural Population %",NA,"Europe & Central Asia (excluding high income)","Could not map country name to standard code"
10,"Rural Population %",NA,"Europe & Central Asia (excluding high income)","Could not map country name to standard code"
10,"Rural Population %",NA,"Europe & Central Asia (excluding high income)","Could not map country name to standard code"
10,"Rural Population %",NA,"Europe & Central Asia (excluding high income)","Could not map country name to standard code"
10,"Rural Population %",NA,"Europe & Central Asia (IDA & IBRD countries)","Could not map country name to standard code"
10,"Rural Population %",NA,"Europe & Central Asia (IDA & IBRD countries)","Could not map country name to standard code"
10,"Rural Population %",NA,"Europe & Central Asia (IDA & IBRD countries)","Could not map country name to standard code"
10,"Rural Population %",NA,"Europe & Central Asia (IDA & IBRD countries)","Could not map country name to standard code"
10,"Rural Population %",NA,"Europe & Central Asia (IDA & IBRD countries)","Could not map country name to standard code"
10,"Rural Population %",NA,"Europe & Central Asia (IDA & IBRD countries)","Could not map country name to standard code"
10,"Rural Population %",NA,"Europe & Central Asia (IDA & IBRD countries)","Could not map country name to standard code"
10,"Rural Population %",NA,"Europe & Central Asia (IDA & IBRD countries)","Could not map country name to standard code"
10,"Rural Population %",NA,"Europe & Central Asia (IDA & IBRD countries)","Could not map country name to standard code"
10,"Rural Population %",NA,"Europe & Central Asia (IDA & IBRD countries)","Could not map country name to standard code"
10,"Rural Population %",NA,"European Union","Could not map country name to standard code"
10,"Rural Population %",NA,"European Union","Could not map country name to standard code"
10,"Rural Population %",NA,"European Union","Could not map country name to standard code"
10,"Rural Population %",NA,"European Union","Could not map country name to standard code"
10,"Rural Population %",NA,"European Union","Could not map country name to standard code"
10,"Rural Population %",NA,"European Union","Could not map country name to standard code"
10,"Rural Population %",NA,"European Union","Could not map country name to standard code"
10,"Rural Population %",NA,"European Union","Could not map country name to standard code"
10,"Rural Population %",NA,"European Union","Could not map country name to standard code"
10,"Rural Population %",NA,"European Union","Could not map country name to standard code"
10,"Rural Population %",NA,"Fragile and conflict affected situations","Could not map country name to standard code"
10,"Rural Population %",NA,"Fragile and conflict affected situations","Could not map country name to standard code"
10,"Rural Population %",NA,"Fragile and conflict affected situations","Could not map country name to standard code"
10,"Rural Population %",NA,"Fragile and conflict affected situations","Could not map country name to standard code"
10,"Rural Population %",NA,"Fragile and conflict affected situations","Could not map country name to standard code"
10,"Rural Population %",NA,"Fragile and conflict affected situations","Could not map country name to standard code"
10,"Rural Population %",NA,"Fragile and conflict affected situations","Could not map country name to standard code"
10,"Rural Population %",NA,"Fragile and conflict affected situations","Could not map country name to standard code"
10,"Rural Population %",NA,"Fragile and conflict affected situations","Could not map country name to standard code"
10,"Rural Population %",NA,"Fragile and conflict affected situations","Could not map country name to standard code"
10,"Rural Population %",NA,"Heavily indebted poor countries (HIPC)","Could not map country name to standard code"
10,"Rural Population %",NA,"Heavily indebted poor countries (HIPC)","Could not map country name to standard code"
10,"Rural Population %",NA,"Heavily indebted poor countries (HIPC)","Could not map country name to standard code"
10,"Rural Population %",NA,"Heavily indebted poor countries (HIPC)","Could not map country name to standard code"
10,"Rural Population %",NA,"Heavily indebted poor countries (HIPC)","Could not map country name to standard code"
10,"Rural Population %",NA,"Heavily indebted poor countries (HIPC)","Could not map country name to standard code"
10,"Rural Population %",NA,"Heavily indebted poor countries (HIPC)","Could not map country name to standard code"
10,"Rural Population %",NA,"Heavily indebted poor countries (HIPC)","Could not map country name to standard code"
10,"Rural Population %",NA,"Heavily indebted poor countries (HIPC)","Could not map country name to standard code"
10,"Rural Population %",NA,"Heavily indebted poor countries (HIPC)","Could not map country name to standard code"
10,"Rural Population %",NA,"High income","Could not map country name to standard code"
10,"Rural Population %",NA,"High income","Could not map country name to standard code"
10,"Rural Population %",NA,"High income","Could not map country name to standard code"
10,"Rural Population %",NA,"High income","Could not map country name to standard code"
10,"Rural Population %",NA,"High income","Could not map country name to standard code"
10,"Rural Population %",NA,"High income","Could not map country name to standard code"
10,"Rural Population %",NA,"High income","Could not map country name to standard code"
10,"Rural Population %",NA,"High income","Could not map country name to standard code"
10,"Rural Population %",NA,"High income","Could not map country name to standard code"
10,"Rural Population %",NA,"High income","Could not map country name to standard code"
10,"Rural Population %",NA,"IBRD only","Could not map country name to standard code"
10,"Rural Population %",NA,"IBRD only","Could not map country name to standard code"
10,"Rural Population %",NA,"IBRD only","Could not map country name to standard code"
10,"Rural Population %",NA,"IBRD only","Could not map country name to standard code"
10,"Rural Population %",NA,"IBRD only","Could not map country name to standard code"
10,"Rural Population %",NA,"IBRD only","Could not map country name to standard code"
10,"Rural Population %",NA,"IBRD only","Could not map country name to standard code"
10,"Rural Population %",NA,"IBRD only","Could not map country name to standard code"
10,"Rural Population %",NA,"IBRD only","Could not map country name to standard code"
10,"Rural Population %",NA,"IBRD only","Could not map country name to standard code"
10,"Rural Population %",NA,"IDA & IBRD total","Could not map country name to standard code"
10,"Rural Population %",NA,"IDA & IBRD total","Could not map country name to standard code"
10,"Rural Population %",NA,"IDA & IBRD total","Could not map country name to standard code"
10,"Rural Population %",NA,"IDA & IBRD total","Could not map country name to standard code"
10,"Rural Population %",NA,"IDA & IBRD total","Could not map country name to standard code"
10,"Rural Population %",NA,"IDA & IBRD total","Could not map country name to standard code"
10,"Rural Population %",NA,"IDA & IBRD total","Could not map country name to standard code"
10,"Rural Population %",NA,"IDA & IBRD total","Could not map country name to standard code"
10,"Rural Population %",NA,"IDA & IBRD total","Could not map country name to standard code"
10,"Rural Population %",NA,"IDA & IBRD total","Could not map country name to standard code"
10,"Rural Population %",NA,"IDA blend","Could not map country name to standard code"
10,"Rural Population %",NA,"IDA blend","Could not map country name to standard code"
10,"Rural Population %",NA,"IDA blend","Could not map country name to standard code"
10,"Rural Population %",NA,"IDA blend","Could not map country name to standard code"
10,"Rural Population %",NA,"IDA blend","Could not map country name to standard code"
10,"Rural Population %",NA,"IDA blend","Could not map country name to standard code"
10,"Rural Population %",NA,"IDA blend","Could not map country name to standard code"
10,"Rural Population %",NA,"IDA blend","Could not map country name to standard code"
10,"Rural Population %",NA,"IDA blend","Could not map country name to standard code"
10,"Rural Population %",NA,"IDA blend","Could not map country name to standard code"
10,"Rural Population %",NA,"IDA only","Could not map country name to standard code"
10,"Rural Population %",NA,"IDA only","Could not map country name to standard code"
10,"Rural Population %",NA,"IDA only","Could not map country name to standard code"
10,"Rural Population %",NA,"IDA only","Could not map country name to standard code"
10,"Rural Population %",NA,"IDA only","Could not map country name to standard code"
10,"Rural Population %",NA,"IDA only","Could not map country name to standard code"
10,"Rural Population %",NA,"IDA only","Could not map country name to standard code"
10,"Rural Population %",NA,"IDA only","Could not map country name to standard code"
10,"Rural Population %",NA,"IDA only","Could not map country name to standard code"
10,"Rural Population %",NA,"IDA only","Could not map country name to standard code"
10,"Rural Population %",NA,"IDA total","Could not map country name to standard code"
10,"Rural Population %",NA,"IDA total","Could not map country name to standard code"
10,"Rural Population %",NA,"IDA total","Could not map country name to standard code"
10,"Rural Population %",NA,"IDA total","Could not map country name to standard code"
10,"Rural Population %",NA,"IDA total","Could not map country name to standard code"
10,"Rural Population %",NA,"IDA total","Could not map country name to standard code"
10,"Rural Population %",NA,"IDA total","Could not map country name to standard code"
10,"Rural Population %",NA,"IDA total","Could not map country name to standard code"
10,"Rural Population %",NA,"IDA total","Could not map country name to standard code"
10,"Rural Population %",NA,"IDA total","Could not map country name to standard code"
10,"Rural Population %",NA,"Late-demographic dividend","Could not map country name to standard code"
10,"Rural Population %",NA,"Late-demographic dividend","Could not map country name to standard code"
10,"Rural Population %",NA,"Late-demographic dividend","Could not map country name to standard code"
10,"Rural Population %",NA,"Late-demographic dividend","Could not map country name to standard code"
10,"Rural Population %",NA,"Late-demographic dividend","Could not map country name to standard code"
10,"Rural Population %",NA,"Late-demographic dividend","Could not map country name to standard code"
10,"Rural Population %",NA,"Late-demographic dividend","Could not map country name to standard code"
10,"Rural Population %",NA,"Late-demographic dividend","Could not map country name to standard code"
10,"Rural Population %",NA,"Late-demographic dividend","Could not map country name to standard code"
10,"Rural Population %",NA,"Late-demographic dividend","Could not map country name to standard code"
10,"Rural Population %",NA,"Latin America & Caribbean","Could not map country name to standard code"
10,"Rural Population %",NA,"Latin America & Caribbean","Could not map country name to standard code"
10,"Rural Population %",NA,"Latin America & Caribbean","Could not map country name to standard code"
10,"Rural Population %",NA,"Latin America & Caribbean","Could not map country name to standard code"
10,"Rural Population %",NA,"Latin America & Caribbean","Could not map country name to standard code"
10,"Rural Population %",NA,"Latin America & Caribbean","Could not map country name to standard code"
10,"Rural Population %",NA,"Latin America & Caribbean","Could not map country name to standard code"
10,"Rural Population %",NA,"Latin America & Caribbean","Could not map country name to standard code"
10,"Rural Population %",NA,"Latin America & Caribbean","Could not map country name to standard code"
10,"Rural Population %",NA,"Latin America & Caribbean","Could not map country name to standard code"
10,"Rural Population %",NA,"Latin America & Caribbean (excluding high income)","Could not map country name to standard code"
10,"Rural Population %",NA,"Latin America & Caribbean (excluding high income)","Could not map country name to standard code"
10,"Rural Population %",NA,"Latin America & Caribbean (excluding high income)","Could not map country name to standard code"
10,"Rural Population %",NA,"Latin America & Caribbean (excluding high income)","Could not map country name to standard code"
10,"Rural Population %",NA,"Latin America & Caribbean (excluding high income)","Could not map country name to standard code"
10,"Rural Population %",NA,"Latin America & Caribbean (excluding high income)","Could not map country name to standard code"
10,"Rural Population %",NA,"Latin America & Caribbean (excluding high income)","Could not map country name to standard code"
10,"Rural Population %",NA,"Latin America & Caribbean (excluding high income)","Could not map country name to standard code"
10,"Rural Population %",NA,"Latin America & Caribbean (excluding high income)","Could not map country name to standard code"
10,"Rural Population %",NA,"Latin America & Caribbean (excluding high income)","Could not map country name to standard code"
10,"Rural Population %",NA,"Latin America & the Caribbean (IDA & IBRD countries)","Could not map country name to standard code"
10,"Rural Population %",NA,"Latin America & the Caribbean (IDA & IBRD countries)","Could not map country name to standard code"
10,"Rural Population %",NA,"Latin America & the Caribbean (IDA & IBRD countries)","Could not map country name to standard code"
10,"Rural Population %",NA,"Latin America & the Caribbean (IDA & IBRD countries)","Could not map country name to standard code"
10,"Rural Population %",NA,"Latin America & the Caribbean (IDA & IBRD countries)","Could not map country name to standard code"
10,"Rural Population %",NA,"Latin America & the Caribbean (IDA & IBRD countries)","Could not map country name to standard code"
10,"Rural Population %",NA,"Latin America & the Caribbean (IDA & IBRD countries)","Could not map country name to standard code"
10,"Rural Population %",NA,"Latin America & the Caribbean (IDA & IBRD countries)","Could not map country name to standard code"
10,"Rural Population %",NA,"Latin America & the Caribbean (IDA & IBRD countries)","Could not map country name to standard code"
10,"Rural Population %",NA,"Latin America & the Caribbean (IDA & IBRD countries)","Could not map country name to standard code"
10,"Rural Population %",NA,"Least developed countries: UN classification","Could not map country name to standard code"
10,"Rural Population %",NA,"Least developed countries: UN classification","Could not map country name to standard code"
10,"Rural Population %",NA,"Least developed countries: UN classification","Could not map country name to standard code"
10,"Rural Population %",NA,"Least developed countries: UN classification","Could not map country name to standard code"
10,"Rural Population %",NA,"Least developed countries: UN classification","Could not map country name to standard code"
10,"Rural Population %",NA,"Least developed countries: UN classification","Could not map country name to standard code"
10,"Rural Population %",NA,"Least developed countries: UN classification","Could not map country name to standard code"
10,"Rural Population %",NA,"Least developed countries: UN classification","Could not map country name to standard code"
10,"Rural Population %",NA,"Least developed countries: UN classification","Could not map country name to standard code"
10,"Rural Population %",NA,"Least developed countries: UN classification","Could not map country name to standard code"
10,"Rural Population %",NA,"Low & middle income","Could not map country name to standard code"
10,"Rural Population %",NA,"Low & middle income","Could not map country name to standard code"
10,"Rural Population %",NA,"Low & middle income","Could not map country name to standard code"
10,"Rural Population %",NA,"Low & middle income","Could not map country name to standard code"
10,"Rural Population %",NA,"Low & middle income","Could not map country name to standard code"
10,"Rural Population %",NA,"Low & middle income","Could not map country name to standard code"
10,"Rural Population %",NA,"Low & middle income","Could not map country name to standard code"
10,"Rural Population %",NA,"Low & middle income","Could not map country name to standard code"
10,"Rural Population %",NA,"Low & middle income","Could not map country name to standard code"
10,"Rural Population %",NA,"Low & middle income","Could not map country name to standard code"
10,"Rural Population %",NA,"Low income","Could not map country name to standard code"
10,"Rural Population %",NA,"Low income","Could not map country name to standard code"
10,"Rural Population %",NA,"Low income","Could not map country name to standard code"
10,"Rural Population %",NA,"Low income","Could not map country name to standard code"
10,"Rural Population %",NA,"Low income","Could not map country name to standard code"
10,"Rural Population %",NA,"Low income","Could not map country name to standard code"
10,"Rural Population %",NA,"Low income","Could not map country name to standard code"
10,"Rural Population %",NA,"Low income","Could not map country name to standard code"
10,"Rural Population %",NA,"Low income","Could not map country name to standard code"
10,"Rural Population %",NA,"Low income","Could not map country name to standard code"
10,"Rural Population %",NA,"Lower middle income","Could not map country name to standard code"
10,"Rural Population %",NA,"Lower middle income","Could not map country name to standard code"
10,"Rural Population %",NA,"Lower middle income","Could not map country name to standard code"
10,"Rural Population %",NA,"Lower middle income","Could not map country name to standard code"
10,"Rural Population %",NA,"Lower middle income","Could not map country name to standard code"
10,"Rural Population %",NA,"Lower middle income","Could not map country name to standard code"
10,"Rural Population %",NA,"Lower middle income","Could not map country name to standard code"
10,"Rural Population %",NA,"Lower middle income","Could not map country name to standard code"
10,"Rural Population %",NA,"Lower middle income","Could not map country name to standard code"
10,"Rural Population %",NA,"Lower middle income","Could not map country name to standard code"
10,"Rural Population %",NA,"Middle East, North Africa, Afghanistan & Pakistan","Could not map country name to standard code"
10,"Rural Population %",NA,"Middle East, North Africa, Afghanistan & Pakistan","Could not map country name to standard code"
10,"Rural Population %",NA,"Middle East, North Africa, Afghanistan & Pakistan","Could not map country name to standard code"
10,"Rural Population %",NA,"Middle East, North Africa, Afghanistan & Pakistan","Could not map country name to standard code"
10,"Rural Population %",NA,"Middle East, North Africa, Afghanistan & Pakistan","Could not map country name to standard code"
10,"Rural Population %",NA,"Middle East, North Africa, Afghanistan & Pakistan","Could not map country name to standard code"
10,"Rural Population %",NA,"Middle East, North Africa, Afghanistan & Pakistan","Could not map country name to standard code"
10,"Rural Population %",NA,"Middle East, North Africa, Afghanistan & Pakistan","Could not map country name to standard code"
10,"Rural Population %",NA,"Middle East, North Africa, Afghanistan & Pakistan","Could not map country name to standard code"
10,"Rural Population %",NA,"Middle East, North Africa, Afghanistan & Pakistan","Could not map country name to standard code"
10,"Rural Population %",NA,"Middle East, North Africa, Afghanistan & Pakistan (excluding high income)","Could not map country name to standard code"
10,"Rural Population %",NA,"Middle East, North Africa, Afghanistan & Pakistan (excluding high income)","Could not map country name to standard code"
10,"Rural Population %",NA,"Middle East, North Africa, Afghanistan & Pakistan (excluding high income)","Could not map country name to standard code"
10,"Rural Population %",NA,"Middle East, North Africa, Afghanistan & Pakistan (excluding high income)","Could not map country name to standard code"
10,"Rural Population %",NA,"Middle East, North Africa, Afghanistan & Pakistan (excluding high income)","Could not map country name to standard code"
10,"Rural Population %",NA,"Middle East, North Africa, Afghanistan & Pakistan (excluding high income)","Could not map country name to standard code"
10,"Rural Population %",NA,"Middle East, North Africa, Afghanistan & Pakistan (excluding high income)","Could not map country name to standard code"
10,"Rural Population %",NA,"Middle East, North Africa, Afghanistan & Pakistan (excluding high income)","Could not map country name to standard code"
10,"Rural Population %",NA,"Middle East, North Africa, Afghanistan & Pakistan (excluding high income)","Could not map country name to standard code"
10,"Rural Population %",NA,"Middle East, North Africa, Afghanistan & Pakistan (excluding high income)","Could not map country name to standard code"
10,"Rural Population %",NA,"Middle East, North Africa, Afghanistan & Pakistan (IDA & IBRD)","Could not map country name to standard code"
10,"Rural Population %",NA,"Middle East, North Africa, Afghanistan & Pakistan (IDA & IBRD)","Could not map country name to standard code"
10,"Rural Population %",NA,"Middle East, North Africa, Afghanistan & Pakistan (IDA & IBRD)","Could not map country name to standard code"
10,"Rural Population %",NA,"Middle East, North Africa, Afghanistan & Pakistan (IDA & IBRD)","Could not map country name to standard code"
10,"Rural Population %",NA,"Middle East, North Africa, Afghanistan & Pakistan (IDA & IBRD)","Could not map country name to standard code"
10,"Rural Population %",NA,"Middle East, North Africa, Afghanistan & Pakistan (IDA & IBRD)","Could not map country name to standard code"
10,"Rural Population %",NA,"Middle East, North Africa, Afghanistan & Pakistan (IDA & IBRD)","Could not map country name to standard code"
10,"Rural Population %",NA,"Middle East, North Africa, Afghanistan & Pakistan (IDA & IBRD)","Could not map country name to standard code"
10,"Rural Population %",NA,"Middle East, North Africa, Afghanistan & Pakistan (IDA & IBRD)","Could not map country name to standard code"
10,"Rural Population %",NA,"Middle East, North Africa, Afghanistan & Pakistan (IDA & IBRD)","Could not map country name to standard code"
10,"Rural Population %",NA,"Middle income","Could not map country name to standard code"
10,"Rural Population %",NA,"Middle income","Could not map country name to standard code"
10,"Rural Population %",NA,"Middle income","Could not map country name to standard code"
10,"Rural Population %",NA,"Middle income","Could not map country name to standard code"
10,"Rural Population %",NA,"Middle income","Could not map country name to standard code"
10,"Rural Population %",NA,"Middle income","Could not map country name to standard code"
10,"Rural Population %",NA,"Middle income","Could not map country name to standard code"
10,"Rural Population %",NA,"Middle income","Could not map country name to standard code"
10,"Rural Population %",NA,"Middle income","Could not map country name to standard code"
10,"Rural Population %",NA,"Middle income","Could not map country name to standard code"
10,"Rural Population %",NA,"North America","Could not map country name to standard code"
10,"Rural Population %",NA,"North America","Could not map country name to standard code"
10,"Rural Population %",NA,"North America","Could not map country name to standard code"
10,"Rural Population %",NA,"North America","Could not map country name to standard code"
10,"Rural Population %",NA,"North America","Could not map country name to standard code"
10,"Rural Population %",NA,"North America","Could not map country name to standard code"
10,"Rural Population %",NA,"North America","Could not map country name to standard code"
10,"Rural Population %",NA,"North America","Could not map country name to standard code"
10,"Rural Population %",NA,"North America","Could not map country name to standard code"
10,"Rural Population %",NA,"North America","Could not map country name to standard code"
10,"Rural Population %",NA,"Not classified","Could not map country name to standard code"
10,"Rural Population %",NA,"Not classified","Could not map country name to standard code"
10,"Rural Population %",NA,"Not classified","Could not map country name to standard code"
10,"Rural Population %",NA,"Not classified","Could not map country name to standard code"
10,"Rural Population %",NA,"Not classified","Could not map country name to standard code"
10,"Rural Population %",NA,"Not classified","Could not map country name to standard code"
10,"Rural Population %",NA,"Not classified","Could not map country name to standard code"
10,"Rural Population %",NA,"Not classified","Could not map country name to standard code"
10,"Rural Population %",NA,"Not classified","Could not map country name to standard code"
10,"Rural Population %",NA,"Not classified","Could not map country name to standard code"
10,"Rural Population %",NA,"OECD members","Could not map country name to standard code"
10,"Rural Population %",NA,"OECD members","Could not map country name to standard code"
10,"Rural Population %",NA,"OECD members","Could not map country name to standard code"
10,"Rural Population %",NA,"OECD members","Could not map country name to standard code"
10,"Rural Population %",NA,"OECD members","Could not map country name to standard code"
10,"Rural Population %",NA,"OECD members","Could not map country name to standard code"
10,"Rural Population %",NA,"OECD members","Could not map country name to standard code"
10,"Rural Population %",NA,"OECD members","Could not map country name to standard code"
10,"Rural Population %",NA,"OECD members","Could not map country name to standard code"
10,"Rural Population %",NA,"OECD members","Could not map country name to standard code"
10,"Rural Population %",NA,"Other small states","Could not map country name to standard code"
10,"Rural Population %",NA,"Other small states","Could not map country name to standard code"
10,"Rural Population %",NA,"Other small states","Could not map country name to standard code"
10,"Rural Population %",NA,"Other small states","Could not map country name to standard code"
10,"Rural Population %",NA,"Other small states","Could not map country name to standard code"
10,"Rural Population %",NA,"Other small states","Could not map country name to standard code"
10,"Rural Population %",NA,"Other small states","Could not map country name to standard code"
10,"Rural Population %",NA,"Other small states","Could not map country name to standard code"
10,"Rural Population %",NA,"Other small states","Could not map country name to standard code"
10,"Rural Population %",NA,"Other small states","Could not map country name to standard code"
10,"Rural Population %",NA,"Pacific island small states","Could not map country name to standard code"
10,"Rural Population %",NA,"Pacific island small states","Could not map country name to standard code"
10,"Rural Population %",NA,"Pacific island small states","Could not map country name to standard code"
10,"Rural Population %",NA,"Pacific island small states","Could not map country name to standard code"
10,"Rural Population %",NA,"Pacific island small states","Could not map country name to standard code"
10,"Rural Population %",NA,"Pacific island small states","Could not map country name to standard code"
10,"Rural Population %",NA,"Pacific island small states","Could not map country name to standard code"
10,"Rural Population %",NA,"Pacific island small states","Could not map country name to standard code"
10,"Rural Population %",NA,"Pacific island small states","Could not map country name to standard code"
10,"Rural Population %",NA,"Pacific island small states","Could not map country name to standard code"
10,"Rural Population %",NA,"Post-demographic dividend","Could not map country name to standard code"
10,"Rural Population %",NA,"Post-demographic dividend","Could not map country name to standard code"
10,"Rural Population %",NA,"Post-demographic dividend","Could not map country name to standard code"
10,"Rural Population %",NA,"Post-demographic dividend","Could not map country name to standard code"
10,"Rural Population %",NA,"Post-demographic dividend","Could not map country name to standard code"
10,"Rural Population %",NA,"Post-demographic dividend","Could not map country name to standard code"
10,"Rural Population %",NA,"Post-demographic dividend","Could not map country name to standard code"
10,"Rural Population %",NA,"Post-demographic dividend","Could not map country name to standard code"
10,"Rural Population %",NA,"Post-demographic dividend","Could not map country name to standard code"
10,"Rural Population %",NA,"Post-demographic dividend","Could not map country name to standard code"
10,"Rural Population %",NA,"Pre-demographic dividend","Could not map country name to standard code"
10,"Rural Population %",NA,"Pre-demographic dividend","Could not map country name to standard code"
10,"Rural Population %",NA,"Pre-demographic dividend","Could not map country name to standard code"
10,"Rural Population %",NA,"Pre-demographic dividend","Could not map country name to standard code"
10,"Rural Population %",NA,"Pre-demographic dividend","Could not map country name to standard code"
10,"Rural Population %",NA,"Pre-demographic dividend","Could not map country name to standard code"
10,"Rural Population %",NA,"Pre-demographic dividend","Could not map country name to standard code"
10,"Rural Population %",NA,"Pre-demographic dividend","Could not map country name to standard code"
10,"Rural Population %",NA,"Pre-demographic dividend","Could not map country name to standard code"
10,"Rural Population %",NA,"Pre-demographic dividend","Could not map country name to standard code"
10,"Rural Population %",NA,"Small states","Could not map country name to standard code"
10,"Rural Population %",NA,"Small states","Could not map country name to standard code"
10,"Rural Population %",NA,"Small states","Could not map country name to standard code"
10,"Rural Population %",NA,"Small states","Could not map country name to standard code"
10,"Rural Population %",NA,"Small states","Could not map country name to standard code"
10,"Rural Population %",NA,"Small states","Could not map country name to standard code"
10,"Rural Population %",NA,"Small states","Could not map country name to standard code"
10,"Rural Population %",NA,"Small states","Could not map country name to standard code"
10,"Rural Population %",NA,"Small states","Could not map country name to standard code"
10,"Rural Population %",NA,"Small states","Could not map country name to standard code"
10,"Rural Population %",NA,"South Asia","Could not map country name to standard code"
10,"Rural Population %",NA,"South Asia","Could not map country name to standard code"
10,"Rural Population %",NA,"South Asia","Could not map country name to standard code"
10,"Rural Population %",NA,"South Asia","Could not map country name to standard code"
10,"Rural Population %",NA,"South Asia","Could not map country name to standard code"
10,"Rural Population %",NA,"South Asia","Could not map country name to standard code"
10,"Rural Population %",NA,"South Asia","Could not map country name to standard code"
10,"Rural Population %",NA,"South Asia","Could not map country name to standard code"
10,"Rural Population %",NA,"South Asia","Could not map country name to standard code"
10,"Rural Population %",NA,"South Asia","Could not map country name to standard code"
10,"Rural Population %",NA,"South Asia (IDA & IBRD)","Could not map country name to standard code"
10,"Rural Population %",NA,"South Asia (IDA & IBRD)","Could not map country name to standard code"
10,"Rural Population %",NA,"South Asia (IDA & IBRD)","Could not map country name to standard code"
10,"Rural Population %",NA,"South Asia (IDA & IBRD)","Could not map country name to standard code"
10,"Rural Population %",NA,"South Asia (IDA & IBRD)","Could not map country name to standard code"
10,"Rural Population %",NA,"South Asia (IDA & IBRD)","Could not map country name to standard code"
10,"Rural Population %",NA,"South Asia (IDA & IBRD)","Could not map country name to standard code"
10,"Rural Population %",NA,"South Asia (IDA & IBRD)","Could not map country name to standard code"
10,"Rural Population %",NA,"South Asia (IDA & IBRD)","Could not map country name to standard code"
10,"Rural Population %",NA,"South Asia (IDA & IBRD)","Could not map country name to standard code"
10,"Rural Population %",NA,"Sub-Saharan Africa","Could not map country name to standard code"
10,"Rural Population %",NA,"Sub-Saharan Africa","Could not map country name to standard code"
10,"Rural Population %",NA,"Sub-Saharan Africa","Could not map country name to standard code"
10,"Rural Population %",NA,"Sub-Saharan Africa","Could not map country name to standard code"
10,"Rural Population %",NA,"Sub-Saharan Africa","Could not map country name to standard code"
10,"Rural Population %",NA,"Sub-Saharan Africa","Could not map country name to standard code"
10,"Rural Population %",NA,"Sub-Saharan Africa","Could not map country name to standard code"
10,"Rural Population %",NA,"Sub-Saharan Africa","Could not map country name to standard code"
10,"Rural Population %",NA,"Sub-Saharan Africa","Could not map country name to standard code"
10,"Rural Population %",NA,"Sub-Saharan Africa","Could not map country name to standard code"
10,"Rural Population %",NA,"Sub-Saharan Africa (excluding high income)","Could not map country name to standard code"
10,"Rural Population %",NA,"Sub-Saharan Africa (excluding high income)","Could not map country name to standard code"
10,"Rural Population %",NA,"Sub-Saharan Africa (excluding high income)","Could not map country name to standard code"
10,"Rural Population %",NA,"Sub-Saharan Africa (excluding high income)","Could not map country name to standard code"
10,"Rural Population %",NA,"Sub-Saharan Africa (excluding high income)","Could not map country name to standard code"
10,"Rural Population %",NA,"Sub-Saharan Africa (excluding high income)","Could not map country name to standard code"
10,"Rural Population %",NA,"Sub-Saharan Africa (excluding high income)","Could not map country name to standard code"
10,"Rural Population %",NA,"Sub-Saharan Africa (excluding high income)","Could not map country name to standard code"
10,"Rural Population %",NA,"Sub-Saharan Africa (excluding high income)","Could not map country name to standard code"
10,"Rural Population %",NA,"Sub-Saharan Africa (excluding high income)","Could not map country name to standard code"
10,"Rural Population %",NA,"Sub-Saharan Africa (IDA & IBRD countries)","Could not map country name to standard code"
10,"Rural Population %",NA,"Sub-Saharan Africa (IDA & IBRD countries)","Could not map country name to standard code"
10,"Rural Population %",NA,"Sub-Saharan Africa (IDA & IBRD countries)","Could not map country name to standard code"
10,"Rural Population %",NA,"Sub-Saharan Africa (IDA & IBRD countries)","Could not map country name to standard code"
10,"Rural Population %",NA,"Sub-Saharan Africa (IDA & IBRD countries)","Could not map country name to standard code"
10,"Rural Population %",NA,"Sub-Saharan Africa (IDA & IBRD countries)","Could not map country name to standard code"
10,"Rural Population %",NA,"Sub-Saharan Africa (IDA & IBRD countries)","Could not map country name to standard code"
10,"Rural Population %",NA,"Sub-Saharan Africa (IDA & IBRD countries)","Could not map country name to standard code"
10,"Rural Population %",NA,"Sub-Saharan Africa (IDA & IBRD countries)","Could not map country name to standard code"
10,"Rural Population %",NA,"Sub-Saharan Africa (IDA & IBRD countries)","Could not map country name to standard code"
10,"Rural Population %",NA,"Upper middle income","Could not map country name to standard code"
10,"Rural Population %",NA,"Upper middle income","Could not map country name to standard code"
10,"Rural Population %",NA,"Upper middle income","Could not map country name to standard code"
10,"Rural Population %",NA,"Upper middle income","Could not map country name to standard code"
10,"Rural Population %",NA,"Upper middle income","Could not map country name to standard code"
10,"Rural Population %",NA,"Upper middle income","Could not map country name to standard code"
10,"Rural Population %",NA,"Upper middle income","Could not map country name to standard code"
10,"Rural Population %",NA,"Upper middle income","Could not map country name to standard code"
10,"Rural Population %",NA,"Upper middle income","Could not map country name to standard code"
10,"Rural Population %",NA,"Upper middle income","Could not map country name to standard code"
10,"Rural Population %",NA,"World","Could not map country name to standard code"
10,"Rural Population %",NA,"World","Could not map country name to standard code"
10,"Rural Population %",NA,"World","Could not map country name to standard code"
10,"Rural Population %",NA,"World","Could not map country name to standard code"
10,"Rural Population %",NA,"World","Could not map country name to standard code"
10,"Rural Population %",NA,"World","Could not map country name to standard code"
10,"Rural Population %",NA,"World","Could not map country name to standard code"
10,"Rural Population %",NA,"World","Could not map country name to standard code"
10,"Rural Population %",NA,"World","Could not map country name to standard code"
10,"Rural Population %",NA,"World","Could not map country name to standard code"
11,"Research and Development Expenditure",NA,"Africa Eastern and Southern","Could not map country name to standard code"
11,"Research and Development Expenditure",NA,"Africa Eastern and Southern","Could not map country name to standard code"
11,"Research and Development Expenditure",NA,"Africa Eastern and Southern","Could not map country name to standard code"
11,"Research and Development Expenditure",NA,"Africa Eastern and Southern","Could not map country name to standard code"
11,"Research and Development Expenditure",NA,"Africa Eastern and Southern","Could not map country name to standard code"
11,"Research and Development Expenditure",NA,"Africa Eastern and Southern","Could not map country name to standard code"
11,"Research and Development Expenditure",NA,"Africa Eastern and Southern","Could not map country name to standard code"
11,"Research and Development Expenditure",NA,"Africa Eastern and Southern","Could not map country name to standard code"
11,"Research and Development Expenditure",NA,"Africa Eastern and Southern","Could not map country name to standard code"
11,"Research and Development Expenditure",NA,"Africa Eastern and Southern","Could not map country name to standard code"
11,"Research and Development Expenditure",NA,"Africa Western and Central","Could not map country name to standard code"
11,"Research and Development Expenditure",NA,"Africa Western and Central","Could not map country name to standard code"
11,"Research and Development Expenditure",NA,"Africa Western and Central","Could not map country name to standard code"
11,"Research and Development Expenditure",NA,"Africa Western and Central","Could not map country name to standard code"
11,"Research and Development Expenditure",NA,"Africa Western and Central","Could not map country name to standard code"
11,"Research and Development Expenditure",NA,"Africa Western and Central","Could not map country name to standard code"
11,"Research and Development Expenditure",NA,"Africa Western and Central","Could not map country name to standard code"
11,"Research and Development Expenditure",NA,"Africa Western and Central","Could not map country name to standard code"
11,"Research and Development Expenditure",NA,"Africa Western and Central","Could not map country name to standard code"
11,"Research and Development Expenditure",NA,"Africa Western and Central","Could not map country name to standard code"
11,"Research and Development Expenditure",NA,"Arab World","Could not map country name to standard code"
11,"Research and Development Expenditure",NA,"Arab World","Could not map country name to standard code"
11,"Research and Development Expenditure",NA,"Arab World","Could not map country name to standard code"
11,"Research and Development Expenditure",NA,"Arab World","Could not map country name to standard code"
11,"Research and Development Expenditure",NA,"Arab World","Could not map country name to standard code"
11,"Research and Development Expenditure",NA,"Arab World","Could not map country name to standard code"
11,"Research and Development Expenditure",NA,"Arab World","Could not map country name to standard code"
11,"Research and Development Expenditure",NA,"Arab World","Could not map country name to standard code"
11,"Research and Development Expenditure",NA,"Arab World","Could not map country name to standard code"
11,"Research and Development Expenditure",NA,"Arab World","Could not map country name to standard code"
11,"Research and Development Expenditure",NA,"Caribbean small states","Could not map country name to standard code"
11,"Research and Development Expenditure",NA,"Caribbean small states","Could not map country name to standard code"
11,"Research and Development Expenditure",NA,"Caribbean small states","Could not map country name to standard code"
11,"Research and Development Expenditure",NA,"Caribbean small states","Could not map country name to standard code"
11,"Research and Development Expenditure",NA,"Caribbean small states","Could not map country name to standard code"
11,"Research and Development Expenditure",NA,"Caribbean small states","Could not map country name to standard code"
11,"Research and Development Expenditure",NA,"Caribbean small states","Could not map country name to standard code"
11,"Research and Development Expenditure",NA,"Caribbean small states","Could not map country name to standard code"
11,"Research and Development Expenditure",NA,"Caribbean small states","Could not map country name to standard code"
11,"Research and Development Expenditure",NA,"Caribbean small states","Could not map country name to standard code"
11,"Research and Development Expenditure",NA,"Central Europe and the Baltics","Could not map country name to standard code"
11,"Research and Development Expenditure",NA,"Central Europe and the Baltics","Could not map country name to standard code"
11,"Research and Development Expenditure",NA,"Central Europe and the Baltics","Could not map country name to standard code"
11,"Research and Development Expenditure",NA,"Central Europe and the Baltics","Could not map country name to standard code"
11,"Research and Development Expenditure",NA,"Central Europe and the Baltics","Could not map country name to standard code"
11,"Research and Development Expenditure",NA,"Central Europe and the Baltics","Could not map country name to standard code"
11,"Research and Development Expenditure",NA,"Central Europe and the Baltics","Could not map country name to standard code"
11,"Research and Development Expenditure",NA,"Central Europe and the Baltics","Could not map country name to standard code"
11,"Research and Development Expenditure",NA,"Central Europe and the Baltics","Could not map country name to standard code"
11,"Research and Development Expenditure",NA,"Central Europe and the Baltics","Could not map country name to standard code"
11,"Research and Development Expenditure",NA,"Early-demographic dividend","Could not map country name to standard code"
11,"Research and Development Expenditure",NA,"Early-demographic dividend","Could not map country name to standard code"
11,"Research and Development Expenditure",NA,"Early-demographic dividend","Could not map country name to standard code"
11,"Research and Development Expenditure",NA,"Early-demographic dividend","Could not map country name to standard code"
11,"Research and Development Expenditure",NA,"Early-demographic dividend","Could not map country name to standard code"
11,"Research and Development Expenditure",NA,"Early-demographic dividend","Could not map country name to standard code"
11,"Research and Development Expenditure",NA,"Early-demographic dividend","Could not map country name to standard code"
11,"Research and Development Expenditure",NA,"Early-demographic dividend","Could not map country name to standard code"
11,"Research and Development Expenditure",NA,"Early-demographic dividend","Could not map country name to standard code"
11,"Research and Development Expenditure",NA,"Early-demographic dividend","Could not map country name to standard code"
11,"Research and Development Expenditure",NA,"East Asia & Pacific","Could not map country name to standard code"
11,"Research and Development Expenditure",NA,"East Asia & Pacific","Could not map country name to standard code"
11,"Research and Development Expenditure",NA,"East Asia & Pacific","Could not map country name to standard code"
11,"Research and Development Expenditure",NA,"East Asia & Pacific","Could not map country name to standard code"
11,"Research and Development Expenditure",NA,"East Asia & Pacific","Could not map country name to standard code"
11,"Research and Development Expenditure",NA,"East Asia & Pacific","Could not map country name to standard code"
11,"Research and Development Expenditure",NA,"East Asia & Pacific","Could not map country name to standard code"
11,"Research and Development Expenditure",NA,"East Asia & Pacific","Could not map country name to standard code"
11,"Research and Development Expenditure",NA,"East Asia & Pacific","Could not map country name to standard code"
11,"Research and Development Expenditure",NA,"East Asia & Pacific","Could not map country name to standard code"
11,"Research and Development Expenditure",NA,"East Asia & Pacific (excluding high income)","Could not map country name to standard code"
11,"Research and Development Expenditure",NA,"East Asia & Pacific (excluding high income)","Could not map country name to standard code"
11,"Research and Development Expenditure",NA,"East Asia & Pacific (excluding high income)","Could not map country name to standard code"
11,"Research and Development Expenditure",NA,"East Asia & Pacific (excluding high income)","Could not map country name to standard code"
11,"Research and Development Expenditure",NA,"East Asia & Pacific (excluding high income)","Could not map country name to standard code"
11,"Research and Development Expenditure",NA,"East Asia & Pacific (excluding high income)","Could not map country name to standard code"
11,"Research and Development Expenditure",NA,"East Asia & Pacific (excluding high income)","Could not map country name to standard code"
11,"Research and Development Expenditure",NA,"East Asia & Pacific (excluding high income)","Could not map country name to standard code"
11,"Research and Development Expenditure",NA,"East Asia & Pacific (excluding high income)","Could not map country name to standard code"
11,"Research and Development Expenditure",NA,"East Asia & Pacific (excluding high income)","Could not map country name to standard code"
11,"Research and Development Expenditure",NA,"East Asia & Pacific (IDA & IBRD countries)","Could not map country name to standard code"
11,"Research and Development Expenditure",NA,"East Asia & Pacific (IDA & IBRD countries)","Could not map country name to standard code"
11,"Research and Development Expenditure",NA,"East Asia & Pacific (IDA & IBRD countries)","Could not map country name to standard code"
11,"Research and Development Expenditure",NA,"East Asia & Pacific (IDA & IBRD countries)","Could not map country name to standard code"
11,"Research and Development Expenditure",NA,"East Asia & Pacific (IDA & IBRD countries)","Could not map country name to standard code"
11,"Research and Development Expenditure",NA,"East Asia & Pacific (IDA & IBRD countries)","Could not map country name to standard code"
11,"Research and Development Expenditure",NA,"East Asia & Pacific (IDA & IBRD countries)","Could not map country name to standard code"
11,"Research and Development Expenditure",NA,"East Asia & Pacific (IDA & IBRD countries)","Could not map country name to standard code"
11,"Research and Development Expenditure",NA,"East Asia & Pacific (IDA & IBRD countries)","Could not map country name to standard code"
11,"Research and Development Expenditure",NA,"East Asia & Pacific (IDA & IBRD countries)","Could not map country name to standard code"
11,"Research and Development Expenditure",NA,"Euro area","Could not map country name to standard code"
11,"Research and Development Expenditure",NA,"Euro area","Could not map country name to standard code"
11,"Research and Development Expenditure",NA,"Euro area","Could not map country name to standard code"
11,"Research and Development Expenditure",NA,"Euro area","Could not map country name to standard code"
11,"Research and Development Expenditure",NA,"Euro area","Could not map country name to standard code"
11,"Research and Development Expenditure",NA,"Euro area","Could not map country name to standard code"
11,"Research and Development Expenditure",NA,"Euro area","Could not map country name to standard code"
11,"Research and Development Expenditure",NA,"Euro area","Could not map country name to standard code"
11,"Research and Development Expenditure",NA,"Euro area","Could not map country name to standard code"
11,"Research and Development Expenditure",NA,"Euro area","Could not map country name to standard code"
11,"Research and Development Expenditure",NA,"Europe & Central Asia","Could not map country name to standard code"
11,"Research and Development Expenditure",NA,"Europe & Central Asia","Could not map country name to standard code"
11,"Research and Development Expenditure",NA,"Europe & Central Asia","Could not map country name to standard code"
11,"Research and Development Expenditure",NA,"Europe & Central Asia","Could not map country name to standard code"
11,"Research and Development Expenditure",NA,"Europe & Central Asia","Could not map country name to standard code"
11,"Research and Development Expenditure",NA,"Europe & Central Asia","Could not map country name to standard code"
11,"Research and Development Expenditure",NA,"Europe & Central Asia","Could not map country name to standard code"
11,"Research and Development Expenditure",NA,"Europe & Central Asia","Could not map country name to standard code"
11,"Research and Development Expenditure",NA,"Europe & Central Asia","Could not map country name to standard code"
11,"Research and Development Expenditure",NA,"Europe & Central Asia","Could not map country name to standard code"
11,"Research and Development Expenditure",NA,"Europe & Central Asia (excluding high income)","Could not map country name to standard code"
11,"Research and Development Expenditure",NA,"Europe & Central Asia (excluding high income)","Could not map country name to standard code"
11,"Research and Development Expenditure",NA,"Europe & Central Asia (excluding high income)","Could not map country name to standard code"
11,"Research and Development Expenditure",NA,"Europe & Central Asia (excluding high income)","Could not map country name to standard code"
11,"Research and Development Expenditure",NA,"Europe & Central Asia (excluding high income)","Could not map country name to standard code"
11,"Research and Development Expenditure",NA,"Europe & Central Asia (excluding high income)","Could not map country name to standard code"
11,"Research and Development Expenditure",NA,"Europe & Central Asia (excluding high income)","Could not map country name to standard code"
11,"Research and Development Expenditure",NA,"Europe & Central Asia (excluding high income)","Could not map country name to standard code"
11,"Research and Development Expenditure",NA,"Europe & Central Asia (excluding high income)","Could not map country name to standard code"
11,"Research and Development Expenditure",NA,"Europe & Central Asia (excluding high income)","Could not map country name to standard code"
11,"Research and Development Expenditure",NA,"Europe & Central Asia (IDA & IBRD countries)","Could not map country name to standard code"
11,"Research and Development Expenditure",NA,"Europe & Central Asia (IDA & IBRD countries)","Could not map country name to standard code"
11,"Research and Development Expenditure",NA,"Europe & Central Asia (IDA & IBRD countries)","Could not map country name to standard code"
11,"Research and Development Expenditure",NA,"Europe & Central Asia (IDA & IBRD countries)","Could not map country name to standard code"
11,"Research and Development Expenditure",NA,"Europe & Central Asia (IDA & IBRD countries)","Could not map country name to standard code"
11,"Research and Development Expenditure",NA,"Europe & Central Asia (IDA & IBRD countries)","Could not map country name to standard code"
11,"Research and Development Expenditure",NA,"Europe & Central Asia (IDA & IBRD countries)","Could not map country name to standard code"
11,"Research and Development Expenditure",NA,"Europe & Central Asia (IDA & IBRD countries)","Could not map country name to standard code"
11,"Research and Development Expenditure",NA,"Europe & Central Asia (IDA & IBRD countries)","Could not map country name to standard code"
11,"Research and Development Expenditure",NA,"Europe & Central Asia (IDA & IBRD countries)","Could not map country name to standard code"
11,"Research and Development Expenditure",NA,"European Union","Could not map country name to standard code"
11,"Research and Development Expenditure",NA,"European Union","Could not map country name to standard code"
11,"Research and Development Expenditure",NA,"European Union","Could not map country name to standard code"
11,"Research and Development Expenditure",NA,"European Union","Could not map country name to standard code"
11,"Research and Development Expenditure",NA,"European Union","Could not map country name to standard code"
11,"Research and Development Expenditure",NA,"European Union","Could not map country name to standard code"
11,"Research and Development Expenditure",NA,"European Union","Could not map country name to standard code"
11,"Research and Development Expenditure",NA,"European Union","Could not map country name to standard code"
11,"Research and Development Expenditure",NA,"European Union","Could not map country name to standard code"
11,"Research and Development Expenditure",NA,"European Union","Could not map country name to standard code"
11,"Research and Development Expenditure",NA,"Fragile and conflict affected situations","Could not map country name to standard code"
11,"Research and Development Expenditure",NA,"Fragile and conflict affected situations","Could not map country name to standard code"
11,"Research and Development Expenditure",NA,"Fragile and conflict affected situations","Could not map country name to standard code"
11,"Research and Development Expenditure",NA,"Fragile and conflict affected situations","Could not map country name to standard code"
11,"Research and Development Expenditure",NA,"Fragile and conflict affected situations","Could not map country name to standard code"
11,"Research and Development Expenditure",NA,"Fragile and conflict affected situations","Could not map country name to standard code"
11,"Research and Development Expenditure",NA,"Fragile and conflict affected situations","Could not map country name to standard code"
11,"Research and Development Expenditure",NA,"Fragile and conflict affected situations","Could not map country name to standard code"
11,"Research and Development Expenditure",NA,"Fragile and conflict affected situations","Could not map country name to standard code"
11,"Research and Development Expenditure",NA,"Fragile and conflict affected situations","Could not map country name to standard code"
11,"Research and Development Expenditure",NA,"Heavily indebted poor countries (HIPC)","Could not map country name to standard code"
11,"Research and Development Expenditure",NA,"Heavily indebted poor countries (HIPC)","Could not map country name to standard code"
11,"Research and Development Expenditure",NA,"Heavily indebted poor countries (HIPC)","Could not map country name to standard code"
11,"Research and Development Expenditure",NA,"Heavily indebted poor countries (HIPC)","Could not map country name to standard code"
11,"Research and Development Expenditure",NA,"Heavily indebted poor countries (HIPC)","Could not map country name to standard code"
11,"Research and Development Expenditure",NA,"Heavily indebted poor countries (HIPC)","Could not map country name to standard code"
11,"Research and Development Expenditure",NA,"Heavily indebted poor countries (HIPC)","Could not map country name to standard code"
11,"Research and Development Expenditure",NA,"Heavily indebted poor countries (HIPC)","Could not map country name to standard code"
11,"Research and Development Expenditure",NA,"Heavily indebted poor countries (HIPC)","Could not map country name to standard code"
11,"Research and Development Expenditure",NA,"Heavily indebted poor countries (HIPC)","Could not map country name to standard code"
11,"Research and Development Expenditure",NA,"High income","Could not map country name to standard code"
11,"Research and Development Expenditure",NA,"High income","Could not map country name to standard code"
11,"Research and Development Expenditure",NA,"High income","Could not map country name to standard code"
11,"Research and Development Expenditure",NA,"High income","Could not map country name to standard code"
11,"Research and Development Expenditure",NA,"High income","Could not map country name to standard code"
11,"Research and Development Expenditure",NA,"High income","Could not map country name to standard code"
11,"Research and Development Expenditure",NA,"High income","Could not map country name to standard code"
11,"Research and Development Expenditure",NA,"High income","Could not map country name to standard code"
11,"Research and Development Expenditure",NA,"High income","Could not map country name to standard code"
11,"Research and Development Expenditure",NA,"High income","Could not map country name to standard code"
11,"Research and Development Expenditure",NA,"IBRD only","Could not map country name to standard code"
11,"Research and Development Expenditure",NA,"IBRD only","Could not map country name to standard code"
11,"Research and Development Expenditure",NA,"IBRD only","Could not map country name to standard code"
11,"Research and Development Expenditure",NA,"IBRD only","Could not map country name to standard code"
11,"Research and Development Expenditure",NA,"IBRD only","Could not map country name to standard code"
11,"Research and Development Expenditure",NA,"IBRD only","Could not map country name to standard code"
11,"Research and Development Expenditure",NA,"IBRD only","Could not map country name to standard code"
11,"Research and Development Expenditure",NA,"IBRD only","Could not map country name to standard code"
11,"Research and Development Expenditure",NA,"IBRD only","Could not map country name to standard code"
11,"Research and Development Expenditure",NA,"IBRD only","Could not map country name to standard code"
11,"Research and Development Expenditure",NA,"IDA & IBRD total","Could not map country name to standard code"
11,"Research and Development Expenditure",NA,"IDA & IBRD total","Could not map country name to standard code"
11,"Research and Development Expenditure",NA,"IDA & IBRD total","Could not map country name to standard code"
11,"Research and Development Expenditure",NA,"IDA & IBRD total","Could not map country name to standard code"
11,"Research and Development Expenditure",NA,"IDA & IBRD total","Could not map country name to standard code"
11,"Research and Development Expenditure",NA,"IDA & IBRD total","Could not map country name to standard code"
11,"Research and Development Expenditure",NA,"IDA & IBRD total","Could not map country name to standard code"
11,"Research and Development Expenditure",NA,"IDA & IBRD total","Could not map country name to standard code"
11,"Research and Development Expenditure",NA,"IDA & IBRD total","Could not map country name to standard code"
11,"Research and Development Expenditure",NA,"IDA & IBRD total","Could not map country name to standard code"
11,"Research and Development Expenditure",NA,"IDA blend","Could not map country name to standard code"
11,"Research and Development Expenditure",NA,"IDA blend","Could not map country name to standard code"
11,"Research and Development Expenditure",NA,"IDA blend","Could not map country name to standard code"
11,"Research and Development Expenditure",NA,"IDA blend","Could not map country name to standard code"
11,"Research and Development Expenditure",NA,"IDA blend","Could not map country name to standard code"
11,"Research and Development Expenditure",NA,"IDA blend","Could not map country name to standard code"
11,"Research and Development Expenditure",NA,"IDA blend","Could not map country name to standard code"
11,"Research and Development Expenditure",NA,"IDA blend","Could not map country name to standard code"
11,"Research and Development Expenditure",NA,"IDA blend","Could not map country name to standard code"
11,"Research and Development Expenditure",NA,"IDA blend","Could not map country name to standard code"
11,"Research and Development Expenditure",NA,"IDA only","Could not map country name to standard code"
11,"Research and Development Expenditure",NA,"IDA only","Could not map country name to standard code"
11,"Research and Development Expenditure",NA,"IDA only","Could not map country name to standard code"
11,"Research and Development Expenditure",NA,"IDA only","Could not map country name to standard code"
11,"Research and Development Expenditure",NA,"IDA only","Could not map country name to standard code"
11,"Research and Development Expenditure",NA,"IDA only","Could not map country name to standard code"
11,"Research and Development Expenditure",NA,"IDA only","Could not map country name to standard code"
11,"Research and Development Expenditure",NA,"IDA only","Could not map country name to standard code"
11,"Research and Development Expenditure",NA,"IDA only","Could not map country name to standard code"
11,"Research and Development Expenditure",NA,"IDA only","Could not map country name to standard code"
11,"Research and Development Expenditure",NA,"IDA total","Could not map country name to standard code"
11,"Research and Development Expenditure",NA,"IDA total","Could not map country name to standard code"
11,"Research and Development Expenditure",NA,"IDA total","Could not map country name to standard code"
11,"Research and Development Expenditure",NA,"IDA total","Could not map country name to standard code"
11,"Research and Development Expenditure",NA,"IDA total","Could not map country name to standard code"
11,"Research and Development Expenditure",NA,"IDA total","Could not map country name to standard code"
11,"Research and Development Expenditure",NA,"IDA total","Could not map country name to standard code"
11,"Research and Development Expenditure",NA,"IDA total","Could not map country name to standard code"
11,"Research and Development Expenditure",NA,"IDA total","Could not map country name to standard code"
11,"Research and Development Expenditure",NA,"IDA total","Could not map country name to standard code"
11,"Research and Development Expenditure",NA,"Late-demographic dividend","Could not map country name to standard code"
11,"Research and Development Expenditure",NA,"Late-demographic dividend","Could not map country name to standard code"
11,"Research and Development Expenditure",NA,"Late-demographic dividend","Could not map country name to standard code"
11,"Research and Development Expenditure",NA,"Late-demographic dividend","Could not map country name to standard code"
11,"Research and Development Expenditure",NA,"Late-demographic dividend","Could not map country name to standard code"
11,"Research and Development Expenditure",NA,"Late-demographic dividend","Could not map country name to standard code"
11,"Research and Development Expenditure",NA,"Late-demographic dividend","Could not map country name to standard code"
11,"Research and Development Expenditure",NA,"Late-demographic dividend","Could not map country name to standard code"
11,"Research and Development Expenditure",NA,"Late-demographic dividend","Could not map country name to standard code"
11,"Research and Development Expenditure",NA,"Late-demographic dividend","Could not map country name to standard code"
11,"Research and Development Expenditure",NA,"Latin America & Caribbean","Could not map country name to standard code"
11,"Research and Development Expenditure",NA,"Latin America & Caribbean","Could not map country name to standard code"
11,"Research and Development Expenditure",NA,"Latin America & Caribbean","Could not map country name to standard code"
11,"Research and Development Expenditure",NA,"Latin America & Caribbean","Could not map country name to standard code"
11,"Research and Development Expenditure",NA,"Latin America & Caribbean","Could not map country name to standard code"
11,"Research and Development Expenditure",NA,"Latin America & Caribbean","Could not map country name to standard code"
11,"Research and Development Expenditure",NA,"Latin America & Caribbean","Could not map country name to standard code"
11,"Research and Development Expenditure",NA,"Latin America & Caribbean","Could not map country name to standard code"
11,"Research and Development Expenditure",NA,"Latin America & Caribbean","Could not map country name to standard code"
11,"Research and Development Expenditure",NA,"Latin America & Caribbean","Could not map country name to standard code"
11,"Research and Development Expenditure",NA,"Latin America & Caribbean (excluding high income)","Could not map country name to standard code"
11,"Research and Development Expenditure",NA,"Latin America & Caribbean (excluding high income)","Could not map country name to standard code"
11,"Research and Development Expenditure",NA,"Latin America & Caribbean (excluding high income)","Could not map country name to standard code"
11,"Research and Development Expenditure",NA,"Latin America & Caribbean (excluding high income)","Could not map country name to standard code"
11,"Research and Development Expenditure",NA,"Latin America & Caribbean (excluding high income)","Could not map country name to standard code"
11,"Research and Development Expenditure",NA,"Latin America & Caribbean (excluding high income)","Could not map country name to standard code"
11,"Research and Development Expenditure",NA,"Latin America & Caribbean (excluding high income)","Could not map country name to standard code"
11,"Research and Development Expenditure",NA,"Latin America & Caribbean (excluding high income)","Could not map country name to standard code"
11,"Research and Development Expenditure",NA,"Latin America & Caribbean (excluding high income)","Could not map country name to standard code"
11,"Research and Development Expenditure",NA,"Latin America & Caribbean (excluding high income)","Could not map country name to standard code"
11,"Research and Development Expenditure",NA,"Latin America & the Caribbean (IDA & IBRD countries)","Could not map country name to standard code"
11,"Research and Development Expenditure",NA,"Latin America & the Caribbean (IDA & IBRD countries)","Could not map country name to standard code"
11,"Research and Development Expenditure",NA,"Latin America & the Caribbean (IDA & IBRD countries)","Could not map country name to standard code"
11,"Research and Development Expenditure",NA,"Latin America & the Caribbean (IDA & IBRD countries)","Could not map country name to standard code"
11,"Research and Development Expenditure",NA,"Latin America & the Caribbean (IDA & IBRD countries)","Could not map country name to standard code"
11,"Research and Development Expenditure",NA,"Latin America & the Caribbean (IDA & IBRD countries)","Could not map country name to standard code"
11,"Research and Development Expenditure",NA,"Latin America & the Caribbean (IDA & IBRD countries)","Could not map country name to standard code"
11,"Research and Development Expenditure",NA,"Latin America & the Caribbean (IDA & IBRD countries)","Could not map country name to standard code"
11,"Research and Development Expenditure",NA,"Latin America & the Caribbean (IDA & IBRD countries)","Could not map country name to standard code"
11,"Research and Development Expenditure",NA,"Latin America & the Caribbean (IDA & IBRD countries)","Could not map country name to standard code"
11,"Research and Development Expenditure",NA,"Least developed countries: UN classification","Could not map country name to standard code"
11,"Research and Development Expenditure",NA,"Least developed countries: UN classification","Could not map country name to standard code"
11,"Research and Development Expenditure",NA,"Least developed countries: UN classification","Could not map country name to standard code"
11,"Research and Development Expenditure",NA,"Least developed countries: UN classification","Could not map country name to standard code"
11,"Research and Development Expenditure",NA,"Least developed countries: UN classification","Could not map country name to standard code"
11,"Research and Development Expenditure",NA,"Least developed countries: UN classification","Could not map country name to standard code"
11,"Research and Development Expenditure",NA,"Least developed countries: UN classification","Could not map country name to standard code"
11,"Research and Development Expenditure",NA,"Least developed countries: UN classification","Could not map country name to standard code"
11,"Research and Development Expenditure",NA,"Least developed countries: UN classification","Could not map country name to standard code"
11,"Research and Development Expenditure",NA,"Least developed countries: UN classification","Could not map country name to standard code"
11,"Research and Development Expenditure",NA,"Low & middle income","Could not map country name to standard code"
11,"Research and Development Expenditure",NA,"Low & middle income","Could not map country name to standard code"
11,"Research and Development Expenditure",NA,"Low & middle income","Could not map country name to standard code"
11,"Research and Development Expenditure",NA,"Low & middle income","Could not map country name to standard code"
11,"Research and Development Expenditure",NA,"Low & middle income","Could not map country name to standard code"
11,"Research and Development Expenditure",NA,"Low & middle income","Could not map country name to standard code"
11,"Research and Development Expenditure",NA,"Low & middle income","Could not map country name to standard code"
11,"Research and Development Expenditure",NA,"Low & middle income","Could not map country name to standard code"
11,"Research and Development Expenditure",NA,"Low & middle income","Could not map country name to standard code"
11,"Research and Development Expenditure",NA,"Low & middle income","Could not map country name to standard code"
11,"Research and Development Expenditure",NA,"Low income","Could not map country name to standard code"
11,"Research and Development Expenditure",NA,"Low income","Could not map country name to standard code"
11,"Research and Development Expenditure",NA,"Low income","Could not map country name to standard code"
11,"Research and Development Expenditure",NA,"Low income","Could not map country name to standard code"
11,"Research and Development Expenditure",NA,"Low income","Could not map country name to standard code"
11,"Research and Development Expenditure",NA,"Low income","Could not map country name to standard code"
11,"Research and Development Expenditure",NA,"Low income","Could not map country name to standard code"
11,"Research and Development Expenditure",NA,"Low income","Could not map country name to standard code"
11,"Research and Development Expenditure",NA,"Low income","Could not map country name to standard code"
11,"Research and Development Expenditure",NA,"Low income","Could not map country name to standard code"
11,"Research and Development Expenditure",NA,"Lower middle income","Could not map country name to standard code"
11,"Research and Development Expenditure",NA,"Lower middle income","Could not map country name to standard code"
11,"Research and Development Expenditure",NA,"Lower middle income","Could not map country name to standard code"
11,"Research and Development Expenditure",NA,"Lower middle income","Could not map country name to standard code"
11,"Research and Development Expenditure",NA,"Lower middle income","Could not map country name to standard code"
11,"Research and Development Expenditure",NA,"Lower middle income","Could not map country name to standard code"
11,"Research and Development Expenditure",NA,"Lower middle income","Could not map country name to standard code"
11,"Research and Development Expenditure",NA,"Lower middle income","Could not map country name to standard code"
11,"Research and Development Expenditure",NA,"Lower middle income","Could not map country name to standard code"
11,"Research and Development Expenditure",NA,"Lower middle income","Could not map country name to standard code"
11,"Research and Development Expenditure",NA,"Middle East, North Africa, Afghanistan & Pakistan","Could not map country name to standard code"
11,"Research and Development Expenditure",NA,"Middle East, North Africa, Afghanistan & Pakistan","Could not map country name to standard code"
11,"Research and Development Expenditure",NA,"Middle East, North Africa, Afghanistan & Pakistan","Could not map country name to standard code"
11,"Research and Development Expenditure",NA,"Middle East, North Africa, Afghanistan & Pakistan","Could not map country name to standard code"
11,"Research and Development Expenditure",NA,"Middle East, North Africa, Afghanistan & Pakistan","Could not map country name to standard code"
11,"Research and Development Expenditure",NA,"Middle East, North Africa, Afghanistan & Pakistan","Could not map country name to standard code"
11,"Research and Development Expenditure",NA,"Middle East, North Africa, Afghanistan & Pakistan","Could not map country name to standard code"
11,"Research and Development Expenditure",NA,"Middle East, North Africa, Afghanistan & Pakistan","Could not map country name to standard code"
11,"Research and Development Expenditure",NA,"Middle East, North Africa, Afghanistan & Pakistan","Could not map country name to standard code"
11,"Research and Development Expenditure",NA,"Middle East, North Africa, Afghanistan & Pakistan","Could not map country name to standard code"
11,"Research and Development Expenditure",NA,"Middle East, North Africa, Afghanistan & Pakistan (excluding high income)","Could not map country name to standard code"
11,"Research and Development Expenditure",NA,"Middle East, North Africa, Afghanistan & Pakistan (excluding high income)","Could not map country name to standard code"
11,"Research and Development Expenditure",NA,"Middle East, North Africa, Afghanistan & Pakistan (excluding high income)","Could not map country name to standard code"
11,"Research and Development Expenditure",NA,"Middle East, North Africa, Afghanistan & Pakistan (excluding high income)","Could not map country name to standard code"
11,"Research and Development Expenditure",NA,"Middle East, North Africa, Afghanistan & Pakistan (excluding high income)","Could not map country name to standard code"
11,"Research and Development Expenditure",NA,"Middle East, North Africa, Afghanistan & Pakistan (excluding high income)","Could not map country name to standard code"
11,"Research and Development Expenditure",NA,"Middle East, North Africa, Afghanistan & Pakistan (excluding high income)","Could not map country name to standard code"
11,"Research and Development Expenditure",NA,"Middle East, North Africa, Afghanistan & Pakistan (excluding high income)","Could not map country name to standard code"
11,"Research and Development Expenditure",NA,"Middle East, North Africa, Afghanistan & Pakistan (excluding high income)","Could not map country name to standard code"
11,"Research and Development Expenditure",NA,"Middle East, North Africa, Afghanistan & Pakistan (excluding high income)","Could not map country name to standard code"
11,"Research and Development Expenditure",NA,"Middle East, North Africa, Afghanistan & Pakistan (IDA & IBRD)","Could not map country name to standard code"
11,"Research and Development Expenditure",NA,"Middle East, North Africa, Afghanistan & Pakistan (IDA & IBRD)","Could not map country name to standard code"
11,"Research and Development Expenditure",NA,"Middle East, North Africa, Afghanistan & Pakistan (IDA & IBRD)","Could not map country name to standard code"
11,"Research and Development Expenditure",NA,"Middle East, North Africa, Afghanistan & Pakistan (IDA & IBRD)","Could not map country name to standard code"
11,"Research and Development Expenditure",NA,"Middle East, North Africa, Afghanistan & Pakistan (IDA & IBRD)","Could not map country name to standard code"
11,"Research and Development Expenditure",NA,"Middle East, North Africa, Afghanistan & Pakistan (IDA & IBRD)","Could not map country name to standard code"
11,"Research and Development Expenditure",NA,"Middle East, North Africa, Afghanistan & Pakistan (IDA & IBRD)","Could not map country name to standard code"
11,"Research and Development Expenditure",NA,"Middle East, North Africa, Afghanistan & Pakistan (IDA & IBRD)","Could not map country name to standard code"
11,"Research and Development Expenditure",NA,"Middle East, North Africa, Afghanistan & Pakistan (IDA & IBRD)","Could not map country name to standard code"
11,"Research and Development Expenditure",NA,"Middle East, North Africa, Afghanistan & Pakistan (IDA & IBRD)","Could not map country name to standard code"
11,"Research and Development Expenditure",NA,"Middle income","Could not map country name to standard code"
11,"Research and Development Expenditure",NA,"Middle income","Could not map country name to standard code"
11,"Research and Development Expenditure",NA,"Middle income","Could not map country name to standard code"
11,"Research and Development Expenditure",NA,"Middle income","Could not map country name to standard code"
11,"Research and Development Expenditure",NA,"Middle income","Could not map country name to standard code"
11,"Research and Development Expenditure",NA,"Middle income","Could not map country name to standard code"
11,"Research and Development Expenditure",NA,"Middle income","Could not map country name to standard code"
11,"Research and Development Expenditure",NA,"Middle income","Could not map country name to standard code"
11,"Research and Development Expenditure",NA,"Middle income","Could not map country name to standard code"
11,"Research and Development Expenditure",NA,"Middle income","Could not map country name to standard code"
11,"Research and Development Expenditure",NA,"North America","Could not map country name to standard code"
11,"Research and Development Expenditure",NA,"North America","Could not map country name to standard code"
11,"Research and Development Expenditure",NA,"North America","Could not map country name to standard code"
11,"Research and Development Expenditure",NA,"North America","Could not map country name to standard code"
11,"Research and Development Expenditure",NA,"North America","Could not map country name to standard code"
11,"Research and Development Expenditure",NA,"North America","Could not map country name to standard code"
11,"Research and Development Expenditure",NA,"North America","Could not map country name to standard code"
11,"Research and Development Expenditure",NA,"North America","Could not map country name to standard code"
11,"Research and Development Expenditure",NA,"North America","Could not map country name to standard code"
11,"Research and Development Expenditure",NA,"North America","Could not map country name to standard code"
11,"Research and Development Expenditure",NA,"Not classified","Could not map country name to standard code"
11,"Research and Development Expenditure",NA,"Not classified","Could not map country name to standard code"
11,"Research and Development Expenditure",NA,"Not classified","Could not map country name to standard code"
11,"Research and Development Expenditure",NA,"Not classified","Could not map country name to standard code"
11,"Research and Development Expenditure",NA,"Not classified","Could not map country name to standard code"
11,"Research and Development Expenditure",NA,"Not classified","Could not map country name to standard code"
11,"Research and Development Expenditure",NA,"Not classified","Could not map country name to standard code"
11,"Research and Development Expenditure",NA,"Not classified","Could not map country name to standard code"
11,"Research and Development Expenditure",NA,"Not classified","Could not map country name to standard code"
11,"Research and Development Expenditure",NA,"Not classified","Could not map country name to standard code"
11,"Research and Development Expenditure",NA,"OECD members","Could not map country name to standard code"
11,"Research and Development Expenditure",NA,"OECD members","Could not map country name to standard code"
11,"Research and Development Expenditure",NA,"OECD members","Could not map country name to standard code"
11,"Research and Development Expenditure",NA,"OECD members","Could not map country name to standard code"
11,"Research and Development Expenditure",NA,"OECD members","Could not map country name to standard code"
11,"Research and Development Expenditure",NA,"OECD members","Could not map country name to standard code"
11,"Research and Development Expenditure",NA,"OECD members","Could not map country name to standard code"
11,"Research and Development Expenditure",NA,"OECD members","Could not map country name to standard code"
11,"Research and Development Expenditure",NA,"OECD members","Could not map country name to standard code"
11,"Research and Development Expenditure",NA,"OECD members","Could not map country name to standard code"
11,"Research and Development Expenditure",NA,"Other small states","Could not map country name to standard code"
11,"Research and Development Expenditure",NA,"Other small states","Could not map country name to standard code"
11,"Research and Development Expenditure",NA,"Other small states","Could not map country name to standard code"
11,"Research and Development Expenditure",NA,"Other small states","Could not map country name to standard code"
11,"Research and Development Expenditure",NA,"Other small states","Could not map country name to standard code"
11,"Research and Development Expenditure",NA,"Other small states","Could not map country name to standard code"
11,"Research and Development Expenditure",NA,"Other small states","Could not map country name to standard code"
11,"Research and Development Expenditure",NA,"Other small states","Could not map country name to standard code"
11,"Research and Development Expenditure",NA,"Other small states","Could not map country name to standard code"
11,"Research and Development Expenditure",NA,"Other small states","Could not map country name to standard code"
11,"Research and Development Expenditure",NA,"Pacific island small states","Could not map country name to standard code"
11,"Research and Development Expenditure",NA,"Pacific island small states","Could not map country name to standard code"
11,"Research and Development Expenditure",NA,"Pacific island small states","Could not map country name to standard code"
11,"Research and Development Expenditure",NA,"Pacific island small states","Could not map country name to standard code"
11,"Research and Development Expenditure",NA,"Pacific island small states","Could not map country name to standard code"
11,"Research and Development Expenditure",NA,"Pacific island small states","Could not map country name to standard code"
11,"Research and Development Expenditure",NA,"Pacific island small states","Could not map country name to standard code"
11,"Research and Development Expenditure",NA,"Pacific island small states","Could not map country name to standard code"
11,"Research and Development Expenditure",NA,"Pacific island small states","Could not map country name to standard code"
11,"Research and Development Expenditure",NA,"Pacific island small states","Could not map country name to standard code"
11,"Research and Development Expenditure",NA,"Post-demographic dividend","Could not map country name to standard code"
11,"Research and Development Expenditure",NA,"Post-demographic dividend","Could not map country name to standard code"
11,"Research and Development Expenditure",NA,"Post-demographic dividend","Could not map country name to standard code"
11,"Research and Development Expenditure",NA,"Post-demographic dividend","Could not map country name to standard code"
11,"Research and Development Expenditure",NA,"Post-demographic dividend","Could not map country name to standard code"
11,"Research and Development Expenditure",NA,"Post-demographic dividend","Could not map country name to standard code"
11,"Research and Development Expenditure",NA,"Post-demographic dividend","Could not map country name to standard code"
11,"Research and Development Expenditure",NA,"Post-demographic dividend","Could not map country name to standard code"
11,"Research and Development Expenditure",NA,"Post-demographic dividend","Could not map country name to standard code"
11,"Research and Development Expenditure",NA,"Post-demographic dividend","Could not map country name to standard code"
11,"Research and Development Expenditure",NA,"Pre-demographic dividend","Could not map country name to standard code"
11,"Research and Development Expenditure",NA,"Pre-demographic dividend","Could not map country name to standard code"
11,"Research and Development Expenditure",NA,"Pre-demographic dividend","Could not map country name to standard code"
11,"Research and Development Expenditure",NA,"Pre-demographic dividend","Could not map country name to standard code"
11,"Research and Development Expenditure",NA,"Pre-demographic dividend","Could not map country name to standard code"
11,"Research and Development Expenditure",NA,"Pre-demographic dividend","Could not map country name to standard code"
11,"Research and Development Expenditure",NA,"Pre-demographic dividend","Could not map country name to standard code"
11,"Research and Development Expenditure",NA,"Pre-demographic dividend","Could not map country name to standard code"
11,"Research and Development Expenditure",NA,"Pre-demographic dividend","Could not map country name to standard code"
11,"Research and Development Expenditure",NA,"Pre-demographic dividend","Could not map country name to standard code"
11,"Research and Development Expenditure",NA,"Small states","Could not map country name to standard code"
11,"Research and Development Expenditure",NA,"Small states","Could not map country name to standard code"
11,"Research and Development Expenditure",NA,"Small states","Could not map country name to standard code"
11,"Research and Development Expenditure",NA,"Small states","Could not map country name to standard code"
11,"Research and Development Expenditure",NA,"Small states","Could not map country name to standard code"
11,"Research and Development Expenditure",NA,"Small states","Could not map country name to standard code"
11,"Research and Development Expenditure",NA,"Small states","Could not map country name to standard code"
11,"Research and Development Expenditure",NA,"Small states","Could not map country name to standard code"
11,"Research and Development Expenditure",NA,"Small states","Could not map country name to standard code"
11,"Research and Development Expenditure",NA,"Small states","Could not map country name to standard code"
11,"Research and Development Expenditure",NA,"South Asia","Could not map country name to standard code"
11,"Research and Development Expenditure",NA,"South Asia","Could not map country name to standard code"
11,"Research and Development Expenditure",NA,"South Asia","Could not map country name to standard code"
11,"Research and Development Expenditure",NA,"South Asia","Could not map country name to standard code"
11,"Research and Development Expenditure",NA,"South Asia","Could not map country name to standard code"
11,"Research and Development Expenditure",NA,"South Asia","Could not map country name to standard code"
11,"Research and Development Expenditure",NA,"South Asia","Could not map country name to standard code"
11,"Research and Development Expenditure",NA,"South Asia","Could not map country name to standard code"
11,"Research and Development Expenditure",NA,"South Asia","Could not map country name to standard code"
11,"Research and Development Expenditure",NA,"South Asia","Could not map country name to standard code"
11,"Research and Development Expenditure",NA,"South Asia (IDA & IBRD)","Could not map country name to standard code"
11,"Research and Development Expenditure",NA,"South Asia (IDA & IBRD)","Could not map country name to standard code"
11,"Research and Development Expenditure",NA,"South Asia (IDA & IBRD)","Could not map country name to standard code"
11,"Research and Development Expenditure",NA,"South Asia (IDA & IBRD)","Could not map country name to standard code"
11,"Research and Development Expenditure",NA,"South Asia (IDA & IBRD)","Could not map country name to standard code"
11,"Research and Development Expenditure",NA,"South Asia (IDA & IBRD)","Could not map country name to standard code"
11,"Research and Development Expenditure",NA,"South Asia (IDA & IBRD)","Could not map country name to standard code"
11,"Research and Development Expenditure",NA,"South Asia (IDA & IBRD)","Could not map country name to standard code"
11,"Research and Development Expenditure",NA,"South Asia (IDA & IBRD)","Could not map country name to standard code"
11,"Research and Development Expenditure",NA,"South Asia (IDA & IBRD)","Could not map country name to standard code"
11,"Research and Development Expenditure",NA,"Sub-Saharan Africa","Could not map country name to standard code"
11,"Research and Development Expenditure",NA,"Sub-Saharan Africa","Could not map country name to standard code"
11,"Research and Development Expenditure",NA,"Sub-Saharan Africa","Could not map country name to standard code"
11,"Research and Development Expenditure",NA,"Sub-Saharan Africa","Could not map country name to standard code"
11,"Research and Development Expenditure",NA,"Sub-Saharan Africa","Could not map country name to standard code"
11,"Research and Development Expenditure",NA,"Sub-Saharan Africa","Could not map country name to standard code"
11,"Research and Development Expenditure",NA,"Sub-Saharan Africa","Could not map country name to standard code"
11,"Research and Development Expenditure",NA,"Sub-Saharan Africa","Could not map country name to standard code"
11,"Research and Development Expenditure",NA,"Sub-Saharan Africa","Could not map country name to standard code"
11,"Research and Development Expenditure",NA,"Sub-Saharan Africa","Could not map country name to standard code"
11,"Research and Development Expenditure",NA,"Sub-Saharan Africa (excluding high income)","Could not map country name to standard code"
11,"Research and Development Expenditure",NA,"Sub-Saharan Africa (excluding high income)","Could not map country name to standard code"
11,"Research and Development Expenditure",NA,"Sub-Saharan Africa (excluding high income)","Could not map country name to standard code"
11,"Research and Development Expenditure",NA,"Sub-Saharan Africa (excluding high income)","Could not map country name to standard code"
11,"Research and Development Expenditure",NA,"Sub-Saharan Africa (excluding high income)","Could not map country name to standard code"
11,"Research and Development Expenditure",NA,"Sub-Saharan Africa (excluding high income)","Could not map country name to standard code"
11,"Research and Development Expenditure",NA,"Sub-Saharan Africa (excluding high income)","Could not map country name to standard code"
11,"Research and Development Expenditure",NA,"Sub-Saharan Africa (excluding high income)","Could not map country name to standard code"
11,"Research and Development Expenditure",NA,"Sub-Saharan Africa (excluding high income)","Could not map country name to standard code"
11,"Research and Development Expenditure",NA,"Sub-Saharan Africa (excluding high income)","Could not map country name to standard code"
11,"Research and Development Expenditure",NA,"Sub-Saharan Africa (IDA & IBRD countries)","Could not map country name to standard code"
11,"Research and Development Expenditure",NA,"Sub-Saharan Africa (IDA & IBRD countries)","Could not map country name to standard code"
11,"Research and Development Expenditure",NA,"Sub-Saharan Africa (IDA & IBRD countries)","Could not map country name to standard code"
11,"Research and Development Expenditure",NA,"Sub-Saharan Africa (IDA & IBRD countries)","Could not map country name to standard code"
11,"Research and Development Expenditure",NA,"Sub-Saharan Africa (IDA & IBRD countries)","Could not map country name to standard code"
11,"Research and Development Expenditure",NA,"Sub-Saharan Africa (IDA & IBRD countries)","Could not map country name to standard code"
11,"Research and Development Expenditure",NA,"Sub-Saharan Africa (IDA & IBRD countries)","Could not map country name to standard code"
11,"Research and Development Expenditure",NA,"Sub-Saharan Africa (IDA & IBRD countries)","Could not map country name to standard code"
11,"Research and Development Expenditure",NA,"Sub-Saharan Africa (IDA & IBRD countries)","Could not map country name to standard code"
11,"Research and Development Expenditure",NA,"Sub-Saharan Africa (IDA & IBRD countries)","Could not map country name to standard code"
11,"Research and Development Expenditure",NA,"Upper middle income","Could not map country name to standard code"
11,"Research and Development Expenditure",NA,"Upper middle income","Could not map country name to standard code"
11,"Research and Development Expenditure",NA,"Upper middle income","Could not map country name to standard code"
11,"Research and Development Expenditure",NA,"Upper middle income","Could not map country name to standard code"
11,"Research and Development Expenditure",NA,"Upper middle income","Could not map country name to standard code"
11,"Research and Development Expenditure",NA,"Upper middle income","Could not map country name to standard code"
11,"Research and Development Expenditure",NA,"Upper middle income","Could not map country name to standard code"
11,"Research and Development Expenditure",NA,"Upper middle income","Could not map country name to standard code"
11,"Research and Development Expenditure",NA,"Upper middle income","Could not map country name to standard code"
11,"Research and Development Expenditure",NA,"Upper middle income","Could not map country name to standard code"
11,"Research and Development Expenditure",NA,"World","Could not map country name to standard code"
11,"Research and Development Expenditure",NA,"World","Could not map country name to standard code"
11,"Research and Development Expenditure",NA,"World","Could not map country name to standard code"
11,"Research and Development Expenditure",NA,"World","Could not map country name to standard code"
11,"Research and Development Expenditure",NA,"World","Could not map country name to standard code"
11,"Research and Development Expenditure",NA,"World","Could not map country name to standard code"
11,"Research and Development Expenditure",NA,"World","Could not map country name to standard code"
11,"Research and Development Expenditure",NA,"World","Could not map country name to standard code"
11,"Research and Development Expenditure",NA,"World","Could not map country name to standard code"
11,"Research and Development Expenditure",NA,"World","Could not map country name to standard code"
12,"total_population",NA,"Africa Eastern and Southern","Could not map country name to standard code"
12,"total_population",NA,"Africa Eastern and Southern","Could not map country name to standard code"
12,"total_population",NA,"Africa Eastern and Southern","Could not map country name to standard code"
12,"total_population",NA,"Africa Eastern and Southern","Could not map country name to standard code"
12,"total_population",NA,"Africa Eastern and Southern","Could not map country name to standard code"
12,"total_population",NA,"Africa Eastern and Southern","Could not map country name to standard code"
12,"total_population",NA,"Africa Eastern and Southern","Could not map country name to standard code"
12,"total_population",NA,"Africa Eastern and Southern","Could not map country name to standard code"
12,"total_population",NA,"Africa Eastern and Southern","Could not map country name to standard code"
12,"total_population",NA,"Africa Eastern and Southern","Could not map country name to standard code"
12,"total_population",NA,"Africa Western and Central","Could not map country name to standard code"
12,"total_population",NA,"Africa Western and Central","Could not map country name to standard code"
12,"total_population",NA,"Africa Western and Central","Could not map country name to standard code"
12,"total_population",NA,"Africa Western and Central","Could not map country name to standard code"
12,"total_population",NA,"Africa Western and Central","Could not map country name to standard code"
12,"total_population",NA,"Africa Western and Central","Could not map country name to standard code"
12,"total_population",NA,"Africa Western and Central","Could not map country name to standard code"
12,"total_population",NA,"Africa Western and Central","Could not map country name to standard code"
12,"total_population",NA,"Africa Western and Central","Could not map country name to standard code"
12,"total_population",NA,"Africa Western and Central","Could not map country name to standard code"
12,"total_population",NA,"Arab World","Could not map country name to standard code"
12,"total_population",NA,"Arab World","Could not map country name to standard code"
12,"total_population",NA,"Arab World","Could not map country name to standard code"
12,"total_population",NA,"Arab World","Could not map country name to standard code"
12,"total_population",NA,"Arab World","Could not map country name to standard code"
12,"total_population",NA,"Arab World","Could not map country name to standard code"
12,"total_population",NA,"Arab World","Could not map country name to standard code"
12,"total_population",NA,"Arab World","Could not map country name to standard code"
12,"total_population",NA,"Arab World","Could not map country name to standard code"
12,"total_population",NA,"Arab World","Could not map country name to standard code"
12,"total_population",NA,"Caribbean small states","Could not map country name to standard code"
12,"total_population",NA,"Caribbean small states","Could not map country name to standard code"
12,"total_population",NA,"Caribbean small states","Could not map country name to standard code"
12,"total_population",NA,"Caribbean small states","Could not map country name to standard code"
12,"total_population",NA,"Caribbean small states","Could not map country name to standard code"
12,"total_population",NA,"Caribbean small states","Could not map country name to standard code"
12,"total_population",NA,"Caribbean small states","Could not map country name to standard code"
12,"total_population",NA,"Caribbean small states","Could not map country name to standard code"
12,"total_population",NA,"Caribbean small states","Could not map country name to standard code"
12,"total_population",NA,"Caribbean small states","Could not map country name to standard code"
12,"total_population",NA,"Central Europe and the Baltics","Could not map country name to standard code"
12,"total_population",NA,"Central Europe and the Baltics","Could not map country name to standard code"
12,"total_population",NA,"Central Europe and the Baltics","Could not map country name to standard code"
12,"total_population",NA,"Central Europe and the Baltics","Could not map country name to standard code"
12,"total_population",NA,"Central Europe and the Baltics","Could not map country name to standard code"
12,"total_population",NA,"Central Europe and the Baltics","Could not map country name to standard code"
12,"total_population",NA,"Central Europe and the Baltics","Could not map country name to standard code"
12,"total_population",NA,"Central Europe and the Baltics","Could not map country name to standard code"
12,"total_population",NA,"Central Europe and the Baltics","Could not map country name to standard code"
12,"total_population",NA,"Central Europe and the Baltics","Could not map country name to standard code"
12,"total_population",NA,"Early-demographic dividend","Could not map country name to standard code"
12,"total_population",NA,"Early-demographic dividend","Could not map country name to standard code"
12,"total_population",NA,"Early-demographic dividend","Could not map country name to standard code"
12,"total_population",NA,"Early-demographic dividend","Could not map country name to standard code"
12,"total_population",NA,"Early-demographic dividend","Could not map country name to standard code"
12,"total_population",NA,"Early-demographic dividend","Could not map country name to standard code"
12,"total_population",NA,"Early-demographic dividend","Could not map country name to standard code"
12,"total_population",NA,"Early-demographic dividend","Could not map country name to standard code"
12,"total_population",NA,"Early-demographic dividend","Could not map country name to standard code"
12,"total_population",NA,"Early-demographic dividend","Could not map country name to standard code"
12,"total_population",NA,"East Asia & Pacific","Could not map country name to standard code"
12,"total_population",NA,"East Asia & Pacific","Could not map country name to standard code"
12,"total_population",NA,"East Asia & Pacific","Could not map country name to standard code"
12,"total_population",NA,"East Asia & Pacific","Could not map country name to standard code"
12,"total_population",NA,"East Asia & Pacific","Could not map country name to standard code"
12,"total_population",NA,"East Asia & Pacific","Could not map country name to standard code"
12,"total_population",NA,"East Asia & Pacific","Could not map country name to standard code"
12,"total_population",NA,"East Asia & Pacific","Could not map country name to standard code"
12,"total_population",NA,"East Asia & Pacific","Could not map country name to standard code"
12,"total_population",NA,"East Asia & Pacific","Could not map country name to standard code"
12,"total_population",NA,"East Asia & Pacific (excluding high income)","Could not map country name to standard code"
12,"total_population",NA,"East Asia & Pacific (excluding high income)","Could not map country name to standard code"
12,"total_population",NA,"East Asia & Pacific (excluding high income)","Could not map country name to standard code"
12,"total_population",NA,"East Asia & Pacific (excluding high income)","Could not map country name to standard code"
12,"total_population",NA,"East Asia & Pacific (excluding high income)","Could not map country name to standard code"
12,"total_population",NA,"East Asia & Pacific (excluding high income)","Could not map country name to standard code"
12,"total_population",NA,"East Asia & Pacific (excluding high income)","Could not map country name to standard code"
12,"total_population",NA,"East Asia & Pacific (excluding high income)","Could not map country name to standard code"
12,"total_population",NA,"East Asia & Pacific (excluding high income)","Could not map country name to standard code"
12,"total_population",NA,"East Asia & Pacific (excluding high income)","Could not map country name to standard code"
12,"total_population",NA,"East Asia & Pacific (IDA & IBRD countries)","Could not map country name to standard code"
12,"total_population",NA,"East Asia & Pacific (IDA & IBRD countries)","Could not map country name to standard code"
12,"total_population",NA,"East Asia & Pacific (IDA & IBRD countries)","Could not map country name to standard code"
12,"total_population",NA,"East Asia & Pacific (IDA & IBRD countries)","Could not map country name to standard code"
12,"total_population",NA,"East Asia & Pacific (IDA & IBRD countries)","Could not map country name to standard code"
12,"total_population",NA,"East Asia & Pacific (IDA & IBRD countries)","Could not map country name to standard code"
12,"total_population",NA,"East Asia & Pacific (IDA & IBRD countries)","Could not map country name to standard code"
12,"total_population",NA,"East Asia & Pacific (IDA & IBRD countries)","Could not map country name to standard code"
12,"total_population",NA,"East Asia & Pacific (IDA & IBRD countries)","Could not map country name to standard code"
12,"total_population",NA,"East Asia & Pacific (IDA & IBRD countries)","Could not map country name to standard code"
12,"total_population",NA,"Euro area","Could not map country name to standard code"
12,"total_population",NA,"Euro area","Could not map country name to standard code"
12,"total_population",NA,"Euro area","Could not map country name to standard code"
12,"total_population",NA,"Euro area","Could not map country name to standard code"
12,"total_population",NA,"Euro area","Could not map country name to standard code"
12,"total_population",NA,"Euro area","Could not map country name to standard code"
12,"total_population",NA,"Euro area","Could not map country name to standard code"
12,"total_population",NA,"Euro area","Could not map country name to standard code"
12,"total_population",NA,"Euro area","Could not map country name to standard code"
12,"total_population",NA,"Euro area","Could not map country name to standard code"
12,"total_population",NA,"Europe & Central Asia","Could not map country name to standard code"
12,"total_population",NA,"Europe & Central Asia","Could not map country name to standard code"
12,"total_population",NA,"Europe & Central Asia","Could not map country name to standard code"
12,"total_population",NA,"Europe & Central Asia","Could not map country name to standard code"
12,"total_population",NA,"Europe & Central Asia","Could not map country name to standard code"
12,"total_population",NA,"Europe & Central Asia","Could not map country name to standard code"
12,"total_population",NA,"Europe & Central Asia","Could not map country name to standard code"
12,"total_population",NA,"Europe & Central Asia","Could not map country name to standard code"
12,"total_population",NA,"Europe & Central Asia","Could not map country name to standard code"
12,"total_population",NA,"Europe & Central Asia","Could not map country name to standard code"
12,"total_population",NA,"Europe & Central Asia (excluding high income)","Could not map country name to standard code"
12,"total_population",NA,"Europe & Central Asia (excluding high income)","Could not map country name to standard code"
12,"total_population",NA,"Europe & Central Asia (excluding high income)","Could not map country name to standard code"
12,"total_population",NA,"Europe & Central Asia (excluding high income)","Could not map country name to standard code"
12,"total_population",NA,"Europe & Central Asia (excluding high income)","Could not map country name to standard code"
12,"total_population",NA,"Europe & Central Asia (excluding high income)","Could not map country name to standard code"
12,"total_population",NA,"Europe & Central Asia (excluding high income)","Could not map country name to standard code"
12,"total_population",NA,"Europe & Central Asia (excluding high income)","Could not map country name to standard code"
12,"total_population",NA,"Europe & Central Asia (excluding high income)","Could not map country name to standard code"
12,"total_population",NA,"Europe & Central Asia (excluding high income)","Could not map country name to standard code"
12,"total_population",NA,"Europe & Central Asia (IDA & IBRD countries)","Could not map country name to standard code"
12,"total_population",NA,"Europe & Central Asia (IDA & IBRD countries)","Could not map country name to standard code"
12,"total_population",NA,"Europe & Central Asia (IDA & IBRD countries)","Could not map country name to standard code"
12,"total_population",NA,"Europe & Central Asia (IDA & IBRD countries)","Could not map country name to standard code"
12,"total_population",NA,"Europe & Central Asia (IDA & IBRD countries)","Could not map country name to standard code"
12,"total_population",NA,"Europe & Central Asia (IDA & IBRD countries)","Could not map country name to standard code"
12,"total_population",NA,"Europe & Central Asia (IDA & IBRD countries)","Could not map country name to standard code"
12,"total_population",NA,"Europe & Central Asia (IDA & IBRD countries)","Could not map country name to standard code"
12,"total_population",NA,"Europe & Central Asia (IDA & IBRD countries)","Could not map country name to standard code"
12,"total_population",NA,"Europe & Central Asia (IDA & IBRD countries)","Could not map country name to standard code"
12,"total_population",NA,"European Union","Could not map country name to standard code"
12,"total_population",NA,"European Union","Could not map country name to standard code"
12,"total_population",NA,"European Union","Could not map country name to standard code"
12,"total_population",NA,"European Union","Could not map country name to standard code"
12,"total_population",NA,"European Union","Could not map country name to standard code"
12,"total_population",NA,"European Union","Could not map country name to standard code"
12,"total_population",NA,"European Union","Could not map country name to standard code"
12,"total_population",NA,"European Union","Could not map country name to standard code"
12,"total_population",NA,"European Union","Could not map country name to standard code"
12,"total_population",NA,"European Union","Could not map country name to standard code"
12,"total_population",NA,"Fragile and conflict affected situations","Could not map country name to standard code"
12,"total_population",NA,"Fragile and conflict affected situations","Could not map country name to standard code"
12,"total_population",NA,"Fragile and conflict affected situations","Could not map country name to standard code"
12,"total_population",NA,"Fragile and conflict affected situations","Could not map country name to standard code"
12,"total_population",NA,"Fragile and conflict affected situations","Could not map country name to standard code"
12,"total_population",NA,"Fragile and conflict affected situations","Could not map country name to standard code"
12,"total_population",NA,"Fragile and conflict affected situations","Could not map country name to standard code"
12,"total_population",NA,"Fragile and conflict affected situations","Could not map country name to standard code"
12,"total_population",NA,"Fragile and conflict affected situations","Could not map country name to standard code"
12,"total_population",NA,"Fragile and conflict affected situations","Could not map country name to standard code"
12,"total_population",NA,"Heavily indebted poor countries (HIPC)","Could not map country name to standard code"
12,"total_population",NA,"Heavily indebted poor countries (HIPC)","Could not map country name to standard code"
12,"total_population",NA,"Heavily indebted poor countries (HIPC)","Could not map country name to standard code"
12,"total_population",NA,"Heavily indebted poor countries (HIPC)","Could not map country name to standard code"
12,"total_population",NA,"Heavily indebted poor countries (HIPC)","Could not map country name to standard code"
12,"total_population",NA,"Heavily indebted poor countries (HIPC)","Could not map country name to standard code"
12,"total_population",NA,"Heavily indebted poor countries (HIPC)","Could not map country name to standard code"
12,"total_population",NA,"Heavily indebted poor countries (HIPC)","Could not map country name to standard code"
12,"total_population",NA,"Heavily indebted poor countries (HIPC)","Could not map country name to standard code"
12,"total_population",NA,"Heavily indebted poor countries (HIPC)","Could not map country name to standard code"
12,"total_population",NA,"High income","Could not map country name to standard code"
12,"total_population",NA,"High income","Could not map country name to standard code"
12,"total_population",NA,"High income","Could not map country name to standard code"
12,"total_population",NA,"High income","Could not map country name to standard code"
12,"total_population",NA,"High income","Could not map country name to standard code"
12,"total_population",NA,"High income","Could not map country name to standard code"
12,"total_population",NA,"High income","Could not map country name to standard code"
12,"total_population",NA,"High income","Could not map country name to standard code"
12,"total_population",NA,"High income","Could not map country name to standard code"
12,"total_population",NA,"High income","Could not map country name to standard code"
12,"total_population",NA,"IBRD only","Could not map country name to standard code"
12,"total_population",NA,"IBRD only","Could not map country name to standard code"
12,"total_population",NA,"IBRD only","Could not map country name to standard code"
12,"total_population",NA,"IBRD only","Could not map country name to standard code"
12,"total_population",NA,"IBRD only","Could not map country name to standard code"
12,"total_population",NA,"IBRD only","Could not map country name to standard code"
12,"total_population",NA,"IBRD only","Could not map country name to standard code"
12,"total_population",NA,"IBRD only","Could not map country name to standard code"
12,"total_population",NA,"IBRD only","Could not map country name to standard code"
12,"total_population",NA,"IBRD only","Could not map country name to standard code"
12,"total_population",NA,"IDA & IBRD total","Could not map country name to standard code"
12,"total_population",NA,"IDA & IBRD total","Could not map country name to standard code"
12,"total_population",NA,"IDA & IBRD total","Could not map country name to standard code"
12,"total_population",NA,"IDA & IBRD total","Could not map country name to standard code"
12,"total_population",NA,"IDA & IBRD total","Could not map country name to standard code"
12,"total_population",NA,"IDA & IBRD total","Could not map country name to standard code"
12,"total_population",NA,"IDA & IBRD total","Could not map country name to standard code"
12,"total_population",NA,"IDA & IBRD total","Could not map country name to standard code"
12,"total_population",NA,"IDA & IBRD total","Could not map country name to standard code"
12,"total_population",NA,"IDA & IBRD total","Could not map country name to standard code"
12,"total_population",NA,"IDA blend","Could not map country name to standard code"
12,"total_population",NA,"IDA blend","Could not map country name to standard code"
12,"total_population",NA,"IDA blend","Could not map country name to standard code"
12,"total_population",NA,"IDA blend","Could not map country name to standard code"
12,"total_population",NA,"IDA blend","Could not map country name to standard code"
12,"total_population",NA,"IDA blend","Could not map country name to standard code"
12,"total_population",NA,"IDA blend","Could not map country name to standard code"
12,"total_population",NA,"IDA blend","Could not map country name to standard code"
12,"total_population",NA,"IDA blend","Could not map country name to standard code"
12,"total_population",NA,"IDA blend","Could not map country name to standard code"
12,"total_population",NA,"IDA only","Could not map country name to standard code"
12,"total_population",NA,"IDA only","Could not map country name to standard code"
12,"total_population",NA,"IDA only","Could not map country name to standard code"
12,"total_population",NA,"IDA only","Could not map country name to standard code"
12,"total_population",NA,"IDA only","Could not map country name to standard code"
12,"total_population",NA,"IDA only","Could not map country name to standard code"
12,"total_population",NA,"IDA only","Could not map country name to standard code"
12,"total_population",NA,"IDA only","Could not map country name to standard code"
12,"total_population",NA,"IDA only","Could not map country name to standard code"
12,"total_population",NA,"IDA only","Could not map country name to standard code"
12,"total_population",NA,"IDA total","Could not map country name to standard code"
12,"total_population",NA,"IDA total","Could not map country name to standard code"
12,"total_population",NA,"IDA total","Could not map country name to standard code"
12,"total_population",NA,"IDA total","Could not map country name to standard code"
12,"total_population",NA,"IDA total","Could not map country name to standard code"
12,"total_population",NA,"IDA total","Could not map country name to standard code"
12,"total_population",NA,"IDA total","Could not map country name to standard code"
12,"total_population",NA,"IDA total","Could not map country name to standard code"
12,"total_population",NA,"IDA total","Could not map country name to standard code"
12,"total_population",NA,"IDA total","Could not map country name to standard code"
12,"total_population",NA,"Late-demographic dividend","Could not map country name to standard code"
12,"total_population",NA,"Late-demographic dividend","Could not map country name to standard code"
12,"total_population",NA,"Late-demographic dividend","Could not map country name to standard code"
12,"total_population",NA,"Late-demographic dividend","Could not map country name to standard code"
12,"total_population",NA,"Late-demographic dividend","Could not map country name to standard code"
12,"total_population",NA,"Late-demographic dividend","Could not map country name to standard code"
12,"total_population",NA,"Late-demographic dividend","Could not map country name to standard code"
12,"total_population",NA,"Late-demographic dividend","Could not map country name to standard code"
12,"total_population",NA,"Late-demographic dividend","Could not map country name to standard code"
12,"total_population",NA,"Late-demographic dividend","Could not map country name to standard code"
12,"total_population",NA,"Latin America & Caribbean","Could not map country name to standard code"
12,"total_population",NA,"Latin America & Caribbean","Could not map country name to standard code"
12,"total_population",NA,"Latin America & Caribbean","Could not map country name to standard code"
12,"total_population",NA,"Latin America & Caribbean","Could not map country name to standard code"
12,"total_population",NA,"Latin America & Caribbean","Could not map country name to standard code"
12,"total_population",NA,"Latin America & Caribbean","Could not map country name to standard code"
12,"total_population",NA,"Latin America & Caribbean","Could not map country name to standard code"
12,"total_population",NA,"Latin America & Caribbean","Could not map country name to standard code"
12,"total_population",NA,"Latin America & Caribbean","Could not map country name to standard code"
12,"total_population",NA,"Latin America & Caribbean","Could not map country name to standard code"
12,"total_population",NA,"Latin America & Caribbean (excluding high income)","Could not map country name to standard code"
12,"total_population",NA,"Latin America & Caribbean (excluding high income)","Could not map country name to standard code"
12,"total_population",NA,"Latin America & Caribbean (excluding high income)","Could not map country name to standard code"
12,"total_population",NA,"Latin America & Caribbean (excluding high income)","Could not map country name to standard code"
12,"total_population",NA,"Latin America & Caribbean (excluding high income)","Could not map country name to standard code"
12,"total_population",NA,"Latin America & Caribbean (excluding high income)","Could not map country name to standard code"
12,"total_population",NA,"Latin America & Caribbean (excluding high income)","Could not map country name to standard code"
12,"total_population",NA,"Latin America & Caribbean (excluding high income)","Could not map country name to standard code"
12,"total_population",NA,"Latin America & Caribbean (excluding high income)","Could not map country name to standard code"
12,"total_population",NA,"Latin America & Caribbean (excluding high income)","Could not map country name to standard code"
12,"total_population",NA,"Latin America & the Caribbean (IDA & IBRD countries)","Could not map country name to standard code"
12,"total_population",NA,"Latin America & the Caribbean (IDA & IBRD countries)","Could not map country name to standard code"
12,"total_population",NA,"Latin America & the Caribbean (IDA & IBRD countries)","Could not map country name to standard code"
12,"total_population",NA,"Latin America & the Caribbean (IDA & IBRD countries)","Could not map country name to standard code"
12,"total_population",NA,"Latin America & the Caribbean (IDA & IBRD countries)","Could not map country name to standard code"
12,"total_population",NA,"Latin America & the Caribbean (IDA & IBRD countries)","Could not map country name to standard code"
12,"total_population",NA,"Latin America & the Caribbean (IDA & IBRD countries)","Could not map country name to standard code"
12,"total_population",NA,"Latin America & the Caribbean (IDA & IBRD countries)","Could not map country name to standard code"
12,"total_population",NA,"Latin America & the Caribbean (IDA & IBRD countries)","Could not map country name to standard code"
12,"total_population",NA,"Latin America & the Caribbean (IDA & IBRD countries)","Could not map country name to standard code"
12,"total_population",NA,"Least developed countries: UN classification","Could not map country name to standard code"
12,"total_population",NA,"Least developed countries: UN classification","Could not map country name to standard code"
12,"total_population",NA,"Least developed countries: UN classification","Could not map country name to standard code"
12,"total_population",NA,"Least developed countries: UN classification","Could not map country name to standard code"
12,"total_population",NA,"Least developed countries: UN classification","Could not map country name to standard code"
12,"total_population",NA,"Least developed countries: UN classification","Could not map country name to standard code"
12,"total_population",NA,"Least developed countries: UN classification","Could not map country name to standard code"
12,"total_population",NA,"Least developed countries: UN classification","Could not map country name to standard code"
12,"total_population",NA,"Least developed countries: UN classification","Could not map country name to standard code"
12,"total_population",NA,"Least developed countries: UN classification","Could not map country name to standard code"
12,"total_population",NA,"Low & middle income","Could not map country name to standard code"
12,"total_population",NA,"Low & middle income","Could not map country name to standard code"
12,"total_population",NA,"Low & middle income","Could not map country name to standard code"
12,"total_population",NA,"Low & middle income","Could not map country name to standard code"
12,"total_population",NA,"Low & middle income","Could not map country name to standard code"
12,"total_population",NA,"Low & middle income","Could not map country name to standard code"
12,"total_population",NA,"Low & middle income","Could not map country name to standard code"
12,"total_population",NA,"Low & middle income","Could not map country name to standard code"
12,"total_population",NA,"Low & middle income","Could not map country name to standard code"
12,"total_population",NA,"Low & middle income","Could not map country name to standard code"
12,"total_population",NA,"Low income","Could not map country name to standard code"
12,"total_population",NA,"Low income","Could not map country name to standard code"
12,"total_population",NA,"Low income","Could not map country name to standard code"
12,"total_population",NA,"Low income","Could not map country name to standard code"
12,"total_population",NA,"Low income","Could not map country name to standard code"
12,"total_population",NA,"Low income","Could not map country name to standard code"
12,"total_population",NA,"Low income","Could not map country name to standard code"
12,"total_population",NA,"Low income","Could not map country name to standard code"
12,"total_population",NA,"Low income","Could not map country name to standard code"
12,"total_population",NA,"Low income","Could not map country name to standard code"
12,"total_population",NA,"Lower middle income","Could not map country name to standard code"
12,"total_population",NA,"Lower middle income","Could not map country name to standard code"
12,"total_population",NA,"Lower middle income","Could not map country name to standard code"
12,"total_population",NA,"Lower middle income","Could not map country name to standard code"
12,"total_population",NA,"Lower middle income","Could not map country name to standard code"
12,"total_population",NA,"Lower middle income","Could not map country name to standard code"
12,"total_population",NA,"Lower middle income","Could not map country name to standard code"
12,"total_population",NA,"Lower middle income","Could not map country name to standard code"
12,"total_population",NA,"Lower middle income","Could not map country name to standard code"
12,"total_population",NA,"Lower middle income","Could not map country name to standard code"
12,"total_population",NA,"Middle East, North Africa, Afghanistan & Pakistan","Could not map country name to standard code"
12,"total_population",NA,"Middle East, North Africa, Afghanistan & Pakistan","Could not map country name to standard code"
12,"total_population",NA,"Middle East, North Africa, Afghanistan & Pakistan","Could not map country name to standard code"
12,"total_population",NA,"Middle East, North Africa, Afghanistan & Pakistan","Could not map country name to standard code"
12,"total_population",NA,"Middle East, North Africa, Afghanistan & Pakistan","Could not map country name to standard code"
12,"total_population",NA,"Middle East, North Africa, Afghanistan & Pakistan","Could not map country name to standard code"
12,"total_population",NA,"Middle East, North Africa, Afghanistan & Pakistan","Could not map country name to standard code"
12,"total_population",NA,"Middle East, North Africa, Afghanistan & Pakistan","Could not map country name to standard code"
12,"total_population",NA,"Middle East, North Africa, Afghanistan & Pakistan","Could not map country name to standard code"
12,"total_population",NA,"Middle East, North Africa, Afghanistan & Pakistan","Could not map country name to standard code"
12,"total_population",NA,"Middle East, North Africa, Afghanistan & Pakistan (excluding high income)","Could not map country name to standard code"
12,"total_population",NA,"Middle East, North Africa, Afghanistan & Pakistan (excluding high income)","Could not map country name to standard code"
12,"total_population",NA,"Middle East, North Africa, Afghanistan & Pakistan (excluding high income)","Could not map country name to standard code"
12,"total_population",NA,"Middle East, North Africa, Afghanistan & Pakistan (excluding high income)","Could not map country name to standard code"
12,"total_population",NA,"Middle East, North Africa, Afghanistan & Pakistan (excluding high income)","Could not map country name to standard code"
12,"total_population",NA,"Middle East, North Africa, Afghanistan & Pakistan (excluding high income)","Could not map country name to standard code"
12,"total_population",NA,"Middle East, North Africa, Afghanistan & Pakistan (excluding high income)","Could not map country name to standard code"
12,"total_population",NA,"Middle East, North Africa, Afghanistan & Pakistan (excluding high income)","Could not map country name to standard code"
12,"total_population",NA,"Middle East, North Africa, Afghanistan & Pakistan (excluding high income)","Could not map country name to standard code"
12,"total_population",NA,"Middle East, North Africa, Afghanistan & Pakistan (excluding high income)","Could not map country name to standard code"
12,"total_population",NA,"Middle East, North Africa, Afghanistan & Pakistan (IDA & IBRD)","Could not map country name to standard code"
12,"total_population",NA,"Middle East, North Africa, Afghanistan & Pakistan (IDA & IBRD)","Could not map country name to standard code"
12,"total_population",NA,"Middle East, North Africa, Afghanistan & Pakistan (IDA & IBRD)","Could not map country name to standard code"
12,"total_population",NA,"Middle East, North Africa, Afghanistan & Pakistan (IDA & IBRD)","Could not map country name to standard code"
12,"total_population",NA,"Middle East, North Africa, Afghanistan & Pakistan (IDA & IBRD)","Could not map country name to standard code"
12,"total_population",NA,"Middle East, North Africa, Afghanistan & Pakistan (IDA & IBRD)","Could not map country name to standard code"
12,"total_population",NA,"Middle East, North Africa, Afghanistan & Pakistan (IDA & IBRD)","Could not map country name to standard code"
12,"total_population",NA,"Middle East, North Africa, Afghanistan & Pakistan (IDA & IBRD)","Could not map country name to standard code"
12,"total_population",NA,"Middle East, North Africa, Afghanistan & Pakistan (IDA & IBRD)","Could not map country name to standard code"
12,"total_population",NA,"Middle East, North Africa, Afghanistan & Pakistan (IDA & IBRD)","Could not map country name to standard code"
12,"total_population",NA,"Middle income","Could not map country name to standard code"
12,"total_population",NA,"Middle income","Could not map country name to standard code"
12,"total_population",NA,"Middle income","Could not map country name to standard code"
12,"total_population",NA,"Middle income","Could not map country name to standard code"
12,"total_population",NA,"Middle income","Could not map country name to standard code"
12,"total_population",NA,"Middle income","Could not map country name to standard code"
12,"total_population",NA,"Middle income","Could not map country name to standard code"
12,"total_population",NA,"Middle income","Could not map country name to standard code"
12,"total_population",NA,"Middle income","Could not map country name to standard code"
12,"total_population",NA,"Middle income","Could not map country name to standard code"
12,"total_population",NA,"North America","Could not map country name to standard code"
12,"total_population",NA,"North America","Could not map country name to standard code"
12,"total_population",NA,"North America","Could not map country name to standard code"
12,"total_population",NA,"North America","Could not map country name to standard code"
12,"total_population",NA,"North America","Could not map country name to standard code"
12,"total_population",NA,"North America","Could not map country name to standard code"
12,"total_population",NA,"North America","Could not map country name to standard code"
12,"total_population",NA,"North America","Could not map country name to standard code"
12,"total_population",NA,"North America","Could not map country name to standard code"
12,"total_population",NA,"North America","Could not map country name to standard code"
12,"total_population",NA,"Not classified","Could not map country name to standard code"
12,"total_population",NA,"Not classified","Could not map country name to standard code"
12,"total_population",NA,"Not classified","Could not map country name to standard code"
12,"total_population",NA,"Not classified","Could not map country name to standard code"
12,"total_population",NA,"Not classified","Could not map country name to standard code"
12,"total_population",NA,"Not classified","Could not map country name to standard code"
12,"total_population",NA,"Not classified","Could not map country name to standard code"
12,"total_population",NA,"Not classified","Could not map country name to standard code"
12,"total_population",NA,"Not classified","Could not map country name to standard code"
12,"total_population",NA,"Not classified","Could not map country name to standard code"
12,"total_population",NA,"OECD members","Could not map country name to standard code"
12,"total_population",NA,"OECD members","Could not map country name to standard code"
12,"total_population",NA,"OECD members","Could not map country name to standard code"
12,"total_population",NA,"OECD members","Could not map country name to standard code"
12,"total_population",NA,"OECD members","Could not map country name to standard code"
12,"total_population",NA,"OECD members","Could not map country name to standard code"
12,"total_population",NA,"OECD members","Could not map country name to standard code"
12,"total_population",NA,"OECD members","Could not map country name to standard code"
12,"total_population",NA,"OECD members","Could not map country name to standard code"
12,"total_population",NA,"OECD members","Could not map country name to standard code"
12,"total_population",NA,"Other small states","Could not map country name to standard code"
12,"total_population",NA,"Other small states","Could not map country name to standard code"
12,"total_population",NA,"Other small states","Could not map country name to standard code"
12,"total_population",NA,"Other small states","Could not map country name to standard code"
12,"total_population",NA,"Other small states","Could not map country name to standard code"
12,"total_population",NA,"Other small states","Could not map country name to standard code"
12,"total_population",NA,"Other small states","Could not map country name to standard code"
12,"total_population",NA,"Other small states","Could not map country name to standard code"
12,"total_population",NA,"Other small states","Could not map country name to standard code"
12,"total_population",NA,"Other small states","Could not map country name to standard code"
12,"total_population",NA,"Pacific island small states","Could not map country name to standard code"
12,"total_population",NA,"Pacific island small states","Could not map country name to standard code"
12,"total_population",NA,"Pacific island small states","Could not map country name to standard code"
12,"total_population",NA,"Pacific island small states","Could not map country name to standard code"
12,"total_population",NA,"Pacific island small states","Could not map country name to standard code"
12,"total_population",NA,"Pacific island small states","Could not map country name to standard code"
12,"total_population",NA,"Pacific island small states","Could not map country name to standard code"
12,"total_population",NA,"Pacific island small states","Could not map country name to standard code"
12,"total_population",NA,"Pacific island small states","Could not map country name to standard code"
12,"total_population",NA,"Pacific island small states","Could not map country name to standard code"
12,"total_population",NA,"Post-demographic dividend","Could not map country name to standard code"
12,"total_population",NA,"Post-demographic dividend","Could not map country name to standard code"
12,"total_population",NA,"Post-demographic dividend","Could not map country name to standard code"
12,"total_population",NA,"Post-demographic dividend","Could not map country name to standard code"
12,"total_population",NA,"Post-demographic dividend","Could not map country name to standard code"
12,"total_population",NA,"Post-demographic dividend","Could not map country name to standard code"
12,"total_population",NA,"Post-demographic dividend","Could not map country name to standard code"
12,"total_population",NA,"Post-demographic dividend","Could not map country name to standard code"
12,"total_population",NA,"Post-demographic dividend","Could not map country name to standard code"
12,"total_population",NA,"Post-demographic dividend","Could not map country name to standard code"
12,"total_population",NA,"Pre-demographic dividend","Could not map country name to standard code"
12,"total_population",NA,"Pre-demographic dividend","Could not map country name to standard code"
12,"total_population",NA,"Pre-demographic dividend","Could not map country name to standard code"
12,"total_population",NA,"Pre-demographic dividend","Could not map country name to standard code"
12,"total_population",NA,"Pre-demographic dividend","Could not map country name to standard code"
12,"total_population",NA,"Pre-demographic dividend","Could not map country name to standard code"
12,"total_population",NA,"Pre-demographic dividend","Could not map country name to standard code"
12,"total_population",NA,"Pre-demographic dividend","Could not map country name to standard code"
12,"total_population",NA,"Pre-demographic dividend","Could not map country name to standard code"
12,"total_population",NA,"Pre-demographic dividend","Could not map country name to standard code"
12,"total_population",NA,"Small states","Could not map country name to standard code"
12,"total_population",NA,"Small states","Could not map country name to standard code"
12,"total_population",NA,"Small states","Could not map country name to standard code"
12,"total_population",NA,"Small states","Could not map country name to standard code"
12,"total_population",NA,"Small states","Could not map country name to standard code"
12,"total_population",NA,"Small states","Could not map country name to standard code"
12,"total_population",NA,"Small states","Could not map country name to standard code"
12,"total_population",NA,"Small states","Could not map country name to standard code"
12,"total_population",NA,"Small states","Could not map country name to standard code"
12,"total_population",NA,"Small states","Could not map country name to standard code"
12,"total_population",NA,"South Asia","Could not map country name to standard code"
12,"total_population",NA,"South Asia","Could not map country name to standard code"
12,"total_population",NA,"South Asia","Could not map country name to standard code"
12,"total_population",NA,"South Asia","Could not map country name to standard code"
12,"total_population",NA,"South Asia","Could not map country name to standard code"
12,"total_population",NA,"South Asia","Could not map country name to standard code"
12,"total_population",NA,"South Asia","Could not map country name to standard code"
12,"total_population",NA,"South Asia","Could not map country name to standard code"
12,"total_population",NA,"South Asia","Could not map country name to standard code"
12,"total_population",NA,"South Asia","Could not map country name to standard code"
12,"total_population",NA,"South Asia (IDA & IBRD)","Could not map country name to standard code"
12,"total_population",NA,"South Asia (IDA & IBRD)","Could not map country name to standard code"
12,"total_population",NA,"South Asia (IDA & IBRD)","Could not map country name to standard code"
12,"total_population",NA,"South Asia (IDA & IBRD)","Could not map country name to standard code"
12,"total_population",NA,"South Asia (IDA & IBRD)","Could not map country name to standard code"
12,"total_population",NA,"South Asia (IDA & IBRD)","Could not map country name to standard code"
12,"total_population",NA,"South Asia (IDA & IBRD)","Could not map country name to standard code"
12,"total_population",NA,"South Asia (IDA & IBRD)","Could not map country name to standard code"
12,"total_population",NA,"South Asia (IDA & IBRD)","Could not map country name to standard code"
12,"total_population",NA,"South Asia (IDA & IBRD)","Could not map country name to standard code"
12,"total_population",NA,"Sub-Saharan Africa","Could not map country name to standard code"
12,"total_population",NA,"Sub-Saharan Africa","Could not map country name to standard code"
12,"total_population",NA,"Sub-Saharan Africa","Could not map country name to standard code"
12,"total_population",NA,"Sub-Saharan Africa","Could not map country name to standard code"
12,"total_population",NA,"Sub-Saharan Africa","Could not map country name to standard code"
12,"total_population",NA,"Sub-Saharan Africa","Could not map country name to standard code"
12,"total_population",NA,"Sub-Saharan Africa","Could not map country name to standard code"
12,"total_population",NA,"Sub-Saharan Africa","Could not map country name to standard code"
12,"total_population",NA,"Sub-Saharan Africa","Could not map country name to standard code"
12,"total_population",NA,"Sub-Saharan Africa","Could not map country name to standard code"
12,"total_population",NA,"Sub-Saharan Africa (excluding high income)","Could not map country name to standard code"
12,"total_population",NA,"Sub-Saharan Africa (excluding high income)","Could not map country name to standard code"
12,"total_population",NA,"Sub-Saharan Africa (excluding high income)","Could not map country name to standard code"
12,"total_population",NA,"Sub-Saharan Africa (excluding high income)","Could not map country name to standard code"
12,"total_population",NA,"Sub-Saharan Africa (excluding high income)","Could not map country name to standard code"
12,"total_population",NA,"Sub-Saharan Africa (excluding high income)","Could not map country name to standard code"
12,"total_population",NA,"Sub-Saharan Africa (excluding high income)","Could not map country name to standard code"
12,"total_population",NA,"Sub-Saharan Africa (excluding high income)","Could not map country name to standard code"
12,"total_population",NA,"Sub-Saharan Africa (excluding high income)","Could not map country name to standard code"
12,"total_population",NA,"Sub-Saharan Africa (excluding high income)","Could not map country name to standard code"
12,"total_population",NA,"Sub-Saharan Africa (IDA & IBRD countries)","Could not map country name to standard code"
12,"total_population",NA,"Sub-Saharan Africa (IDA & IBRD countries)","Could not map country name to standard code"
12,"total_population",NA,"Sub-Saharan Africa (IDA & IBRD countries)","Could not map country name to standard code"
12,"total_population",NA,"Sub-Saharan Africa (IDA & IBRD countries)","Could not map country name to standard code"
12,"total_population",NA,"Sub-Saharan Africa (IDA & IBRD countries)","Could not map country name to standard code"
12,"total_population",NA,"Sub-Saharan Africa (IDA & IBRD countries)","Could not map country name to standard code"
12,"total_population",NA,"Sub-Saharan Africa (IDA & IBRD countries)","Could not map country name to standard code"
12,"total_population",NA,"Sub-Saharan Africa (IDA & IBRD countries)","Could not map country name to standard code"
12,"total_population",NA,"Sub-Saharan Africa (IDA & IBRD countries)","Could not map country name to standard code"
12,"total_population",NA,"Sub-Saharan Africa (IDA & IBRD countries)","Could not map country name to standard code"
12,"total_population",NA,"Upper middle income","Could not map country name to standard code"
12,"total_population",NA,"Upper middle income","Could not map country name to standard code"
12,"total_population",NA,"Upper middle income","Could not map country name to standard code"
12,"total_population",NA,"Upper middle income","Could not map country name to standard code"
12,"total_population",NA,"Upper middle income","Could not map country name to standard code"
12,"total_population",NA,"Upper middle income","Could not map country name to standard code"
12,"total_population",NA,"Upper middle income","Could not map country name to standard code"
12,"total_population",NA,"Upper middle income","Could not map country name to standard code"
12,"total_population",NA,"Upper middle income","Could not map country name to standard code"
12,"total_population",NA,"Upper middle income","Could not map country name to standard code"
12,"total_population",NA,"World","Could not map country name to standard code"
12,"total_population",NA,"World","Could not map country name to standard code"
12,"total_population",NA,"World","Could not map country name to standard code"
12,"total_population",NA,"World","Could not map country name to standard code"
12,"total_population",NA,"World","Could not map country name to standard code"
12,"total_population",NA,"World","Could not map country name to standard code"
12,"total_population",NA,"World","Could not map country name to standard code"
12,"total_population",NA,"World","Could not map country name to standard code"
12,"total_population",NA,"World","Could not map country name to standard code"
12,"total_population",NA,"World","Could not map country name to standard code"
