"dataset_id","dataset_name","original_code","original_name","standardized_code","standardized_name"
1,"Varieties of Democracy (V-Dem)","MEX","Mexico","MEX","Mexico"
1,"Varieties of Democracy (V-Dem)","SUR","Suriname","SUR","Suriname"
1,"Varieties of Democracy (V-Dem)","SWE","Sweden","SWE","Sweden"
1,"Varieties of Democracy (V-Dem)","CHE","Switzerland","CHE","Switzerland"
1,"Varieties of Democracy (V-Dem)","GHA","Ghana","GHA","Ghana"
1,"Varieties of Democracy (V-Dem)","ZAF","South Africa","ZAF","South Africa"
1,"Varieties of Democracy (V-Dem)","JPN","Japan","JPN","Japan"
1,"Varieties of Democracy (V-Dem)","MMR","Burma/Myanmar","MMR","Myanmar (Burma)"
1,"Varieties of Democracy (V-Dem)","RUS","Russia","RUS","Russia"
1,"Varieties of Democracy (V-Dem)","ALB","Albania","ALB","Albania"
1,"Varieties of Democracy (V-Dem)","EGY","Egypt","EGY","Egypt"
1,"Varieties of Democracy (V-Dem)","YEM","Yemen","YEM","Yemen"
1,"Varieties of Democracy (V-Dem)","COL","Colombia","COL","Colombia"
1,"Varieties of Democracy (V-Dem)","POL","Poland","POL","Poland"
1,"Varieties of Democracy (V-Dem)","BRA","Brazil","BRA","Brazil"
1,"Varieties of Democracy (V-Dem)","USA","United States of America","USA","United States"
1,"Varieties of Democracy (V-Dem)","PRT","Portugal","PRT","Portugal"
1,"Varieties of Democracy (V-Dem)","SLV","El Salvador","SLV","El Salvador"
1,"Varieties of Democracy (V-Dem)","BGD","Bangladesh","BGD","Bangladesh"
1,"Varieties of Democracy (V-Dem)","BOL","Bolivia","BOL","Bolivia"
1,"Varieties of Democracy (V-Dem)","HTI","Haiti","HTI","Haiti"
1,"Varieties of Democracy (V-Dem)","HND","Honduras","HND","Honduras"
1,"Varieties of Democracy (V-Dem)","MLI","Mali","MLI","Mali"
1,"Varieties of Democracy (V-Dem)","PAK","Pakistan","PAK","Pakistan"
1,"Varieties of Democracy (V-Dem)","PER","Peru","PER","Peru"
1,"Varieties of Democracy (V-Dem)","SEN","Senegal","SEN","Senegal"
1,"Varieties of Democracy (V-Dem)","SSD","South Sudan","SSD","South Sudan"
1,"Varieties of Democracy (V-Dem)","SDN","Sudan","SDN","Sudan"
1,"Varieties of Democracy (V-Dem)","VNM","Vietnam","VNM","Vietnam"
1,"Varieties of Democracy (V-Dem)","AFG","Afghanistan","AFG","Afghanistan"
1,"Varieties of Democracy (V-Dem)","ARG","Argentina","ARG","Argentina"
1,"Varieties of Democracy (V-Dem)","ETH","Ethiopia","ETH","Ethiopia"
1,"Varieties of Democracy (V-Dem)","IND","India","IND","India"
1,"Varieties of Democracy (V-Dem)","KEN","Kenya","KEN","Kenya"
1,"Varieties of Democracy (V-Dem)","PRK","North Korea","PRK","North Korea"
1,"Varieties of Democracy (V-Dem)","KOR","South Korea","KOR","South Korea"
1,"Varieties of Democracy (V-Dem)","XKX","Kosovo","XKX","Kosovo"
1,"Varieties of Democracy (V-Dem)","LBN","Lebanon","LBN","Lebanon"
1,"Varieties of Democracy (V-Dem)","NGA","Nigeria","NGA","Nigeria"
1,"Varieties of Democracy (V-Dem)","PHL","Philippines","PHL","Philippines"
1,"Varieties of Democracy (V-Dem)","TZA","Tanzania","TZA","Tanzania"
1,"Varieties of Democracy (V-Dem)","TWN","Taiwan","TWN","Taiwan"
1,"Varieties of Democracy (V-Dem)","THA","Thailand","THA","Thailand"
1,"Varieties of Democracy (V-Dem)","UGA","Uganda","UGA","Uganda"
1,"Varieties of Democracy (V-Dem)","VEN","Venezuela","VEN","Venezuela"
1,"Varieties of Democracy (V-Dem)","BEN","Benin","BEN","Benin"
1,"Varieties of Democracy (V-Dem)","BTN","Bhutan","BTN","Bhutan"
1,"Varieties of Democracy (V-Dem)","BFA","Burkina Faso","BFA","Burkina Faso"
1,"Varieties of Democracy (V-Dem)","KHM","Cambodia","KHM","Cambodia"
1,"Varieties of Democracy (V-Dem)","IDN","Indonesia","IDN","Indonesia"
1,"Varieties of Democracy (V-Dem)","MOZ","Mozambique","MOZ","Mozambique"
1,"Varieties of Democracy (V-Dem)","NPL","Nepal","NPL","Nepal"
1,"Varieties of Democracy (V-Dem)","NIC","Nicaragua","NIC","Nicaragua"
1,"Varieties of Democracy (V-Dem)","NER","Niger","NER","Niger"
1,"Varieties of Democracy (V-Dem)","ZMB","Zambia","ZMB","Zambia"
1,"Varieties of Democracy (V-Dem)","ZWE","Zimbabwe","ZWE","Zimbabwe"
1,"Varieties of Democracy (V-Dem)","GIN","Guinea","GIN","Guinea"
1,"Varieties of Democracy (V-Dem)","CIV","Ivory Coast","CIV","Côte d’Ivoire"
1,"Varieties of Democracy (V-Dem)","MRT","Mauritania","MRT","Mauritania"
1,"Varieties of Democracy (V-Dem)","CAN","Canada","CAN","Canada"
1,"Varieties of Democracy (V-Dem)","AUS","Australia","AUS","Australia"
1,"Varieties of Democracy (V-Dem)","BWA","Botswana","BWA","Botswana"
1,"Varieties of Democracy (V-Dem)","BDI","Burundi","BDI","Burundi"
1,"Varieties of Democracy (V-Dem)","CPV","Cape Verde","CPV","Cape Verde"
1,"Varieties of Democracy (V-Dem)","CAF","Central African Republic","CAF","Central African Republic"
1,"Varieties of Democracy (V-Dem)","CHL","Chile","CHL","Chile"
1,"Varieties of Democracy (V-Dem)","CRI","Costa Rica","CRI","Costa Rica"
1,"Varieties of Democracy (V-Dem)","TLS","Timor-Leste","TLS","Timor-Leste"
1,"Varieties of Democracy (V-Dem)","ECU","Ecuador","ECU","Ecuador"
1,"Varieties of Democracy (V-Dem)","FRA","France","FRA","France"
1,"Varieties of Democracy (V-Dem)","DEU","Germany","DEU","Germany"
1,"Varieties of Democracy (V-Dem)","GTM","Guatemala","GTM","Guatemala"
1,"Varieties of Democracy (V-Dem)","IRN","Iran","IRN","Iran, Islamic Rep."
1,"Varieties of Democracy (V-Dem)","IRQ","Iraq","IRQ","Iraq"
1,"Varieties of Democracy (V-Dem)","IRL","Ireland","IRL","Ireland"
1,"Varieties of Democracy (V-Dem)","ITA","Italy","ITA","Italy"
1,"Varieties of Democracy (V-Dem)","JOR","Jordan","JOR","Jordan"
1,"Varieties of Democracy (V-Dem)","LVA","Latvia","LVA","Latvia"
1,"Varieties of Democracy (V-Dem)","LSO","Lesotho","LSO","Lesotho"
1,"Varieties of Democracy (V-Dem)","LBR","Liberia","LBR","Liberia"
1,"Varieties of Democracy (V-Dem)","MWI","Malawi","MWI","Malawi"
1,"Varieties of Democracy (V-Dem)","MDV","Maldives","MDV","Maldives"
1,"Varieties of Democracy (V-Dem)","MNG","Mongolia","MNG","Mongolia"
1,"Varieties of Democracy (V-Dem)","MAR","Morocco","MAR","Morocco"
1,"Varieties of Democracy (V-Dem)","NLD","Netherlands","NLD","Netherlands"
1,"Varieties of Democracy (V-Dem)","PAN","Panama","PAN","Panama"
1,"Varieties of Democracy (V-Dem)","PNG","Papua New Guinea","PNG","Papua New Guinea"
1,"Varieties of Democracy (V-Dem)","QAT","Qatar","QAT","Qatar"
1,"Varieties of Democracy (V-Dem)","SLE","Sierra Leone","SLE","Sierra Leone"
1,"Varieties of Democracy (V-Dem)","ESP","Spain","ESP","Spain"
1,"Varieties of Democracy (V-Dem)","SYR","Syria","SYR","Syria"
1,"Varieties of Democracy (V-Dem)","TUN","Tunisia","TUN","Tunisia"
1,"Varieties of Democracy (V-Dem)","TUR","Türkiye","TUR","Turkey"
1,"Varieties of Democracy (V-Dem)","UKR","Ukraine","UKR","Ukraine"
1,"Varieties of Democracy (V-Dem)","GBR","United Kingdom","GBR","United Kingdom"
1,"Varieties of Democracy (V-Dem)","URY","Uruguay","URY","Uruguay"
1,"Varieties of Democracy (V-Dem)","DZA","Algeria","DZA","Algeria"
1,"Varieties of Democracy (V-Dem)","AGO","Angola","AGO","Angola"
1,"Varieties of Democracy (V-Dem)","ARM","Armenia","ARM","Armenia"
1,"Varieties of Democracy (V-Dem)","AZE","Azerbaijan","AZE","Azerbaijan"
1,"Varieties of Democracy (V-Dem)","BLR","Belarus","BLR","Belarus"
1,"Varieties of Democracy (V-Dem)","CMR","Cameroon","CMR","Cameroon"
1,"Varieties of Democracy (V-Dem)","TCD","Chad","TCD","Chad"
1,"Varieties of Democracy (V-Dem)","CHN","China","CHN","China"
1,"Varieties of Democracy (V-Dem)","COD","Democratic Republic of the Congo","COD","Congo (Kinshasa)"
1,"Varieties of Democracy (V-Dem)","COG","Republic of the Congo","COG","Congo - Brazzaville"
1,"Varieties of Democracy (V-Dem)","DJI","Djibouti","DJI","Djibouti"
1,"Varieties of Democracy (V-Dem)","DOM","Dominican Republic","DOM","Dominican Republic"
1,"Varieties of Democracy (V-Dem)","ERI","Eritrea","ERI","Eritrea"
1,"Varieties of Democracy (V-Dem)","GAB","Gabon","GAB","Gabon"
1,"Varieties of Democracy (V-Dem)","GMB","The Gambia","GMB","Gambia"
1,"Varieties of Democracy (V-Dem)","GEO","Georgia","GEO","Georgia"
1,"Varieties of Democracy (V-Dem)","GNB","Guinea-Bissau","GNB","Guinea-Bissau"
1,"Varieties of Democracy (V-Dem)","JAM","Jamaica","JAM","Jamaica"
1,"Varieties of Democracy (V-Dem)","KAZ","Kazakhstan","KAZ","Kazakhstan"
1,"Varieties of Democracy (V-Dem)","KGZ","Kyrgyzstan","KGZ","Kyrgyz Republic"
1,"Varieties of Democracy (V-Dem)","LAO","Laos","LAO","Laos"
1,"Varieties of Democracy (V-Dem)","LBY","Libya","LBY","Libya"
1,"Varieties of Democracy (V-Dem)","MDG","Madagascar","MDG","Madagascar"
1,"Varieties of Democracy (V-Dem)","MDA","Moldova","MDA","Moldova"
1,"Varieties of Democracy (V-Dem)","NAM","Namibia","NAM","Namibia"
1,"Varieties of Democracy (V-Dem)","PSE","Palestine/West Bank","PSE","West Bank and Gaza"
1,"Varieties of Democracy (V-Dem)","RWA","Rwanda","RWA","Rwanda"
1,"Varieties of Democracy (V-Dem)","SOM","Somalia","SOM","Somalia"
1,"Varieties of Democracy (V-Dem)","LKA","Sri Lanka","LKA","Sri Lanka"
1,"Varieties of Democracy (V-Dem)","SWZ","Eswatini","SWZ","Eswatini"
1,"Varieties of Democracy (V-Dem)","TJK","Tajikistan","TJK","Tajikistan"
1,"Varieties of Democracy (V-Dem)","TGO","Togo","TGO","Togo"
1,"Varieties of Democracy (V-Dem)","TTO","Trinidad and Tobago","TTO","Trinidad & Tobago"
1,"Varieties of Democracy (V-Dem)","TKM","Turkmenistan","TKM","Turkmenistan"
1,"Varieties of Democracy (V-Dem)","SOL","Somaliland","SOL","Somaliland"
1,"Varieties of Democracy (V-Dem)","UZB","Uzbekistan","UZB","Uzbekistan"
1,"Varieties of Democracy (V-Dem)","AUT","Austria","AUT","Austria"
1,"Varieties of Democracy (V-Dem)","BHR","Bahrain","BHR","Bahrain"
1,"Varieties of Democracy (V-Dem)","BRB","Barbados","BRB","Barbados"
1,"Varieties of Democracy (V-Dem)","BEL","Belgium","BEL","Belgium"
1,"Varieties of Democracy (V-Dem)","BIH","Bosnia and Herzegovina","BIH","Bosnia & Herzegovina"
1,"Varieties of Democracy (V-Dem)","BGR","Bulgaria","BGR","Bulgaria"
1,"Varieties of Democracy (V-Dem)","COM","Comoros","COM","Comoros"
1,"Varieties of Democracy (V-Dem)","HRV","Croatia","HRV","Croatia"
1,"Varieties of Democracy (V-Dem)","CUB","Cuba","CUB","Cuba"
1,"Varieties of Democracy (V-Dem)","CYP","Cyprus","CYP","Cyprus"
1,"Varieties of Democracy (V-Dem)","CZE","Czechia","CZE","Czechia"
1,"Varieties of Democracy (V-Dem)","DNK","Denmark","DNK","Denmark"
1,"Varieties of Democracy (V-Dem)","GNQ","Equatorial Guinea","GNQ","Equatorial Guinea"
1,"Varieties of Democracy (V-Dem)","EST","Estonia","EST","Estonia"
1,"Varieties of Democracy (V-Dem)","FJI","Fiji","FJI","Fiji"
1,"Varieties of Democracy (V-Dem)","FIN","Finland","FIN","Finland"
1,"Varieties of Democracy (V-Dem)","GRC","Greece","GRC","Greece"
1,"Varieties of Democracy (V-Dem)","GUY","Guyana","GUY","Guyana"
1,"Varieties of Democracy (V-Dem)","HKG","Hong Kong","HKG","Hong Kong SAR China"
1,"Varieties of Democracy (V-Dem)","ISL","Iceland","ISL","Iceland"
1,"Varieties of Democracy (V-Dem)","ISR","Israel","ISR","Israel"
1,"Varieties of Democracy (V-Dem)","KWT","Kuwait","KWT","Kuwait"
1,"Varieties of Democracy (V-Dem)","LTU","Lithuania","LTU","Lithuania"
1,"Varieties of Democracy (V-Dem)","LUX","Luxembourg","LUX","Luxembourg"
1,"Varieties of Democracy (V-Dem)","MKD","North Macedonia","MKD","North Macedonia"
1,"Varieties of Democracy (V-Dem)","MYS","Malaysia","MYS","Malaysia"
1,"Varieties of Democracy (V-Dem)","MLT","Malta","MLT","Malta"
1,"Varieties of Democracy (V-Dem)","MUS","Mauritius","MUS","Mauritius"
1,"Varieties of Democracy (V-Dem)","MNE","Montenegro","MNE","Montenegro"
1,"Varieties of Democracy (V-Dem)","NZL","New Zealand","NZL","New Zealand"
1,"Varieties of Democracy (V-Dem)","NOR","Norway","NOR","Norway"
1,"Varieties of Democracy (V-Dem)","OMN","Oman","OMN","Oman"
1,"Varieties of Democracy (V-Dem)","PRY","Paraguay","PRY","Paraguay"
1,"Varieties of Democracy (V-Dem)","ROU","Romania","ROU","Romania"
1,"Varieties of Democracy (V-Dem)","STP","Sao Tome and Principe","STP","São Tomé & Príncipe"
1,"Varieties of Democracy (V-Dem)","SAU","Saudi Arabia","SAU","Saudi Arabia"
1,"Varieties of Democracy (V-Dem)","SRB","Serbia","SRB","Serbia"
1,"Varieties of Democracy (V-Dem)","SYC","Seychelles","SYC","Seychelles"
1,"Varieties of Democracy (V-Dem)","SGP","Singapore","SGP","Singapore"
1,"Varieties of Democracy (V-Dem)","SVK","Slovakia","SVK","Slovakia"
1,"Varieties of Democracy (V-Dem)","SVN","Slovenia","SVN","Slovenia"
1,"Varieties of Democracy (V-Dem)","SLB","Solomon Islands","SLB","Solomon Islands"
1,"Varieties of Democracy (V-Dem)","VUT","Vanuatu","VUT","Vanuatu"
1,"Varieties of Democracy (V-Dem)","ARE","United Arab Emirates","ARE","United Arab Emirates"
1,"Varieties of Democracy (V-Dem)","HUN","Hungary","HUN","Hungary"
1,"Varieties of Democracy (V-Dem)","ZNZ","Zanzibar","ZNZ","Zanzibar"
2,"Statistical Performance Indicators (SPI)","DNK","Denmark","DNK","Denmark"
2,"Statistical Performance Indicators (SPI)","FIN","Finland","FIN","Finland"
2,"Statistical Performance Indicators (SPI)","POL","Poland","POL","Poland"
2,"Statistical Performance Indicators (SPI)","SWE","Sweden","SWE","Sweden"
2,"Statistical Performance Indicators (SPI)","ESP","Spain","ESP","Spain"
2,"Statistical Performance Indicators (SPI)","NLD","Netherlands","NLD","Netherlands"
2,"Statistical Performance Indicators (SPI)","SVN","Slovenia","SVN","Slovenia"
2,"Statistical Performance Indicators (SPI)","PRT","Portugal","PRT","Portugal"
2,"Statistical Performance Indicators (SPI)","ITA","Italy","ITA","Italy"
2,"Statistical Performance Indicators (SPI)","NOR","Norway","NOR","Norway"
2,"Statistical Performance Indicators (SPI)","CAN","Canada","CAN","Canada"
2,"Statistical Performance Indicators (SPI)","USA","United States","USA","United States"
2,"Statistical Performance Indicators (SPI)","FRA","France","FRA","France"
2,"Statistical Performance Indicators (SPI)","EST","Estonia","EST","Estonia"
2,"Statistical Performance Indicators (SPI)","AUT","Austria","AUT","Austria"
2,"Statistical Performance Indicators (SPI)","DEU","Germany","DEU","Germany"
2,"Statistical Performance Indicators (SPI)","HUN","Hungary","HUN","Hungary"
2,"Statistical Performance Indicators (SPI)","MEX","Mexico","MEX","Mexico"
2,"Statistical Performance Indicators (SPI)","LTU","Lithuania","LTU","Lithuania"
2,"Statistical Performance Indicators (SPI)","KOR","Korea, Rep.","KOR","South Korea"
2,"Statistical Performance Indicators (SPI)","LVA","Latvia","LVA","Latvia"
2,"Statistical Performance Indicators (SPI)","NZL","New Zealand","NZL","New Zealand"
2,"Statistical Performance Indicators (SPI)","CZE","Czechia","CZE","Czechia"
2,"Statistical Performance Indicators (SPI)","JPN","Japan","JPN","Japan"
2,"Statistical Performance Indicators (SPI)","AUS","Australia","AUS","Australia"
2,"Statistical Performance Indicators (SPI)","GRC","Greece","GRC","Greece"
2,"Statistical Performance Indicators (SPI)","BEL","Belgium","BEL","Belgium"
2,"Statistical Performance Indicators (SPI)","CHE","Switzerland","CHE","Switzerland"
2,"Statistical Performance Indicators (SPI)","SVK","Slovak Republic","SVK","Slovakia"
2,"Statistical Performance Indicators (SPI)","IRL","Ireland","IRL","Ireland"
2,"Statistical Performance Indicators (SPI)","GEO","Georgia","GEO","Georgia"
2,"Statistical Performance Indicators (SPI)","LUX","Luxembourg","LUX","Luxembourg"
2,"Statistical Performance Indicators (SPI)","GBR","United Kingdom","GBR","United Kingdom"
2,"Statistical Performance Indicators (SPI)","SGP","Singapore","SGP","Singapore"
2,"Statistical Performance Indicators (SPI)","ROU","Romania","ROU","Romania"
2,"Statistical Performance Indicators (SPI)","CRI","Costa Rica","CRI","Costa Rica"
2,"Statistical Performance Indicators (SPI)","BGR","Bulgaria","BGR","Bulgaria"
2,"Statistical Performance Indicators (SPI)","CYP","Cyprus","CYP","Cyprus"
2,"Statistical Performance Indicators (SPI)","ISR","Israel","ISR","Israel"
2,"Statistical Performance Indicators (SPI)","COL","Colombia","COL","Colombia"
2,"Statistical Performance Indicators (SPI)","HRV","Croatia","HRV","Croatia"
2,"Statistical Performance Indicators (SPI)","CHL","Chile","CHL","Chile"
2,"Statistical Performance Indicators (SPI)","TUR","Turkiye","TUR","Turkey"
2,"Statistical Performance Indicators (SPI)","MDA","Moldova","MDA","Moldova"
2,"Statistical Performance Indicators (SPI)","MKD","North Macedonia","MKD","North Macedonia"
2,"Statistical Performance Indicators (SPI)","PHL","Philippines","PHL","Philippines"
2,"Statistical Performance Indicators (SPI)","ALB","Albania","ALB","Albania"
2,"Statistical Performance Indicators (SPI)","ARM","Armenia","ARM","Armenia"
2,"Statistical Performance Indicators (SPI)","MLT","Malta","MLT","Malta"
2,"Statistical Performance Indicators (SPI)","SRB","Serbia","SRB","Serbia"
2,"Statistical Performance Indicators (SPI)","MNG","Mongolia","MNG","Mongolia"
2,"Statistical Performance Indicators (SPI)","RUS","Russian Federation","RUS","Russia"
2,"Statistical Performance Indicators (SPI)","ZAF","South Africa","ZAF","South Africa"
2,"Statistical Performance Indicators (SPI)","ISL","Iceland","ISL","Iceland"
2,"Statistical Performance Indicators (SPI)","SAU","Saudi Arabia","SAU","Saudi Arabia"
2,"Statistical Performance Indicators (SPI)","IDN","Indonesia","IDN","Indonesia"
2,"Statistical Performance Indicators (SPI)","URY","Uruguay","URY","Uruguay"
2,"Statistical Performance Indicators (SPI)","THA","Thailand","THA","Thailand"
2,"Statistical Performance Indicators (SPI)","PSE","West Bank and Gaza","PSE","West Bank and Gaza"
2,"Statistical Performance Indicators (SPI)","BRA","Brazil","BRA","Brazil"
2,"Statistical Performance Indicators (SPI)","MYS","Malaysia","MYS","Malaysia"
2,"Statistical Performance Indicators (SPI)","UZB","Uzbekistan","UZB","Uzbekistan"
2,"Statistical Performance Indicators (SPI)","LKA","Sri Lanka","LKA","Sri Lanka"
2,"Statistical Performance Indicators (SPI)","EGY","Egypt, Arab Rep.","EGY","Egypt"
2,"Statistical Performance Indicators (SPI)","KAZ","Kazakhstan","KAZ","Kazakhstan"
2,"Statistical Performance Indicators (SPI)","ARG","Argentina","ARG","Argentina"
2,"Statistical Performance Indicators (SPI)","ECU","Ecuador","ECU","Ecuador"
2,"Statistical Performance Indicators (SPI)","UKR","Ukraine","UKR","Ukraine"
2,"Statistical Performance Indicators (SPI)","BLR","Belarus","BLR","Belarus"
2,"Statistical Performance Indicators (SPI)","MUS","Mauritius","MUS","Mauritius"
2,"Statistical Performance Indicators (SPI)","JOR","Jordan","JOR","Jordan"
2,"Statistical Performance Indicators (SPI)","ARE","United Arab Emirates","ARE","United Arab Emirates"
2,"Statistical Performance Indicators (SPI)","SEN","Senegal","SEN","Senegal"
2,"Statistical Performance Indicators (SPI)","KGZ","Kyrgyz Republic","KGZ","Kyrgyz Republic"
2,"Statistical Performance Indicators (SPI)","PER","Peru","PER","Peru"
2,"Statistical Performance Indicators (SPI)","TUN","Tunisia","TUN","Tunisia"
2,"Statistical Performance Indicators (SPI)","PRY","Paraguay","PRY","Paraguay"
2,"Statistical Performance Indicators (SPI)","MAR","Morocco","MAR","Morocco"
2,"Statistical Performance Indicators (SPI)","MNE","Montenegro","MNE","Montenegro"
2,"Statistical Performance Indicators (SPI)","SLV","El Salvador","SLV","El Salvador"
2,"Statistical Performance Indicators (SPI)","BFA","Burkina Faso","BFA","Burkina Faso"
2,"Statistical Performance Indicators (SPI)","GTM","Guatemala","GTM","Guatemala"
2,"Statistical Performance Indicators (SPI)","DOM","Dominican Republic","DOM","Dominican Republic"
2,"Statistical Performance Indicators (SPI)","IND","India","IND","India"
2,"Statistical Performance Indicators (SPI)","RWA","Rwanda","RWA","Rwanda"
2,"Statistical Performance Indicators (SPI)","BOL","Bolivia","BOL","Bolivia"
2,"Statistical Performance Indicators (SPI)","VNM","Viet Nam","VNM","Vietnam"
2,"Statistical Performance Indicators (SPI)","PAN","Panama","PAN","Panama"
2,"Statistical Performance Indicators (SPI)","UGA","Uganda","UGA","Uganda"
2,"Statistical Performance Indicators (SPI)","BGD","Bangladesh","BGD","Bangladesh"
2,"Statistical Performance Indicators (SPI)","KEN","Kenya","KEN","Kenya"
2,"Statistical Performance Indicators (SPI)","TZA","Tanzania","TZA","Tanzania"
2,"Statistical Performance Indicators (SPI)","ZWE","Zimbabwe","ZWE","Zimbabwe"
2,"Statistical Performance Indicators (SPI)","BIH","Bosnia and Herzegovina","BIH","Bosnia & Herzegovina"
2,"Statistical Performance Indicators (SPI)","NER","Niger","NER","Niger"
2,"Statistical Performance Indicators (SPI)","CIV","Cote d'Ivoire","CIV","Côte d’Ivoire"
2,"Statistical Performance Indicators (SPI)","PAK","Pakistan","PAK","Pakistan"
2,"Statistical Performance Indicators (SPI)","MMR","Myanmar","MMR","Myanmar (Burma)"
2,"Statistical Performance Indicators (SPI)","GHA","Ghana","GHA","Ghana"
2,"Statistical Performance Indicators (SPI)","BEN","Benin","BEN","Benin"
2,"Statistical Performance Indicators (SPI)","GMB","Gambia, The","GMB","Gambia"
2,"Statistical Performance Indicators (SPI)","JAM","Jamaica","JAM","Jamaica"
2,"Statistical Performance Indicators (SPI)","AZE","Azerbaijan","AZE","Azerbaijan"
2,"Statistical Performance Indicators (SPI)","QAT","Qatar","QAT","Qatar"
2,"Statistical Performance Indicators (SPI)","TGO","Togo","TGO","Togo"
2,"Statistical Performance Indicators (SPI)","HND","Honduras","HND","Honduras"
2,"Statistical Performance Indicators (SPI)","MWI","Malawi","MWI","Malawi"
2,"Statistical Performance Indicators (SPI)","MDV","Maldives","MDV","Maldives"
2,"Statistical Performance Indicators (SPI)","BLZ","Belize","BLZ","Belize"
2,"Statistical Performance Indicators (SPI)","LBR","Liberia","LBR","Liberia"
2,"Statistical Performance Indicators (SPI)","KHM","Cambodia","KHM","Cambodia"
2,"Statistical Performance Indicators (SPI)","LCA","St. Lucia","LCA","St. Lucia"
2,"Statistical Performance Indicators (SPI)","NPL","Nepal","NPL","Nepal"
2,"Statistical Performance Indicators (SPI)","SYC","Seychelles","SYC","Seychelles"
2,"Statistical Performance Indicators (SPI)","WSM","Samoa","WSM","Samoa"
2,"Statistical Performance Indicators (SPI)","BWA","Botswana","BWA","Botswana"
2,"Statistical Performance Indicators (SPI)","BRN","Brunei Darussalam","BRN","Brunei"
2,"Statistical Performance Indicators (SPI)","BTN","Bhutan","BTN","Bhutan"
2,"Statistical Performance Indicators (SPI)","MLI","Mali","MLI","Mali"
2,"Statistical Performance Indicators (SPI)","IRN","Iran, Islamic Rep.","IRN","Iran, Islamic Rep."
2,"Statistical Performance Indicators (SPI)","DZA","Algeria","DZA","Algeria"
2,"Statistical Performance Indicators (SPI)","BRB","Barbados","BRB","Barbados"
2,"Statistical Performance Indicators (SPI)","ZMB","Zambia","ZMB","Zambia"
2,"Statistical Performance Indicators (SPI)","MRT","Mauritania","MRT","Mauritania"
2,"Statistical Performance Indicators (SPI)","KWT","Kuwait","KWT","Kuwait"
2,"Statistical Performance Indicators (SPI)","AGO","Angola","AGO","Angola"
2,"Statistical Performance Indicators (SPI)","TLS","Timor-Leste","TLS","Timor-Leste"
2,"Statistical Performance Indicators (SPI)","SLE","Sierra Leone","SLE","Sierra Leone"
2,"Statistical Performance Indicators (SPI)","TON","Tonga","TON","Tonga"
2,"Statistical Performance Indicators (SPI)","SWZ","Eswatini","SWZ","Eswatini"
2,"Statistical Performance Indicators (SPI)","LAO","Lao PDR","LAO","Laos"
2,"Statistical Performance Indicators (SPI)","NGA","Nigeria","NGA","Nigeria"
2,"Statistical Performance Indicators (SPI)","FJI","Fiji","FJI","Fiji"
2,"Statistical Performance Indicators (SPI)","MOZ","Mozambique","MOZ","Mozambique"
2,"Statistical Performance Indicators (SPI)","ETH","Ethiopia","ETH","Ethiopia"
2,"Statistical Performance Indicators (SPI)","CPV","Cabo Verde","CPV","Cape Verde"
2,"Statistical Performance Indicators (SPI)","CHN","China","CHN","China"
2,"Statistical Performance Indicators (SPI)","NAM","Namibia","NAM","Namibia"
2,"Statistical Performance Indicators (SPI)","CMR","Cameroon","CMR","Cameroon"
2,"Statistical Performance Indicators (SPI)","OMN","Oman","OMN","Oman"
2,"Statistical Performance Indicators (SPI)","LBN","Lebanon","LBN","Lebanon"
2,"Statistical Performance Indicators (SPI)","GUY","Guyana","GUY","Guyana"
2,"Statistical Performance Indicators (SPI)","LSO","Lesotho","LSO","Lesotho"
2,"Statistical Performance Indicators (SPI)","IRQ","Iraq","IRQ","Iraq"
2,"Statistical Performance Indicators (SPI)","SUR","Suriname","SUR","Suriname"
2,"Statistical Performance Indicators (SPI)","AFG","Afghanistan","AFG","Afghanistan"
2,"Statistical Performance Indicators (SPI)","TCD","Chad","TCD","Chad"
2,"Statistical Performance Indicators (SPI)","TTO","Trinidad and Tobago","TTO","Trinidad & Tobago"
2,"Statistical Performance Indicators (SPI)","ATG","Antigua and Barbuda","ATG","Antigua & Barbuda"
2,"Statistical Performance Indicators (SPI)","PLW","Palau","PLW","Palau"
2,"Statistical Performance Indicators (SPI)","NIC","Nicaragua","NIC","Nicaragua"
2,"Statistical Performance Indicators (SPI)","MDG","Madagascar","MDG","Madagascar"
2,"Statistical Performance Indicators (SPI)","STP","Sao Tome and Principe","STP","São Tomé & Príncipe"
2,"Statistical Performance Indicators (SPI)","COD","Congo, Dem. Rep.","COD","Congo (Kinshasa)"
2,"Statistical Performance Indicators (SPI)","VCT","St. Vincent and the Grenadines","VCT","St. Vincent & Grenadines"
2,"Statistical Performance Indicators (SPI)","BHR","Bahrain","BHR","Bahrain"
2,"Statistical Performance Indicators (SPI)","VUT","Vanuatu","VUT","Vanuatu"
2,"Statistical Performance Indicators (SPI)","BHS","Bahamas, The","BHS","Bahamas"
2,"Statistical Performance Indicators (SPI)","SOM","Somalia","SOM","Somalia"
2,"Statistical Performance Indicators (SPI)","GIN","Guinea","GIN","Guinea"
2,"Statistical Performance Indicators (SPI)","KIR","Kiribati","KIR","Kiribati"
2,"Statistical Performance Indicators (SPI)","AND","Andorra","AND","Andorra"
2,"Statistical Performance Indicators (SPI)","TJK","Tajikistan","TJK","Tajikistan"
2,"Statistical Performance Indicators (SPI)","BDI","Burundi","BDI","Burundi"
2,"Statistical Performance Indicators (SPI)","CAF","Central African Republic","CAF","Central African Republic"
2,"Statistical Performance Indicators (SPI)","GRD","Grenada","GRD","Grenada"
2,"Statistical Performance Indicators (SPI)","GAB","Gabon","GAB","Gabon"
2,"Statistical Performance Indicators (SPI)","PNG","Papua New Guinea","PNG","Papua New Guinea"
2,"Statistical Performance Indicators (SPI)","GNB","Guinea-Bissau","GNB","Guinea-Bissau"
2,"Statistical Performance Indicators (SPI)","SDN","Sudan","SDN","Sudan"
2,"Statistical Performance Indicators (SPI)","COG","Congo, Rep.","COG","Congo - Brazzaville"
2,"Statistical Performance Indicators (SPI)","SLB","Solomon Islands","SLB","Solomon Islands"
2,"Statistical Performance Indicators (SPI)","TUV","Tuvalu","TUV","Tuvalu"
2,"Statistical Performance Indicators (SPI)","DMA","Dominica","DMA","Dominica"
2,"Statistical Performance Indicators (SPI)","KNA","St. Kitts and Nevis","KNA","St. Kitts & Nevis"
2,"Statistical Performance Indicators (SPI)","NRU","Nauru","NRU","Nauru"
2,"Statistical Performance Indicators (SPI)","DJI","Djibouti","DJI","Djibouti"
2,"Statistical Performance Indicators (SPI)","MHL","Marshall Islands","MHL","Marshall Islands"
2,"Statistical Performance Indicators (SPI)","HTI","Haiti","HTI","Haiti"
2,"Statistical Performance Indicators (SPI)","VEN","Venezuela, RB","VEN","Venezuela"
2,"Statistical Performance Indicators (SPI)","FSM","Micronesia, Fed. Sts.","FSM","Micronesia (Federated States of)"
2,"Statistical Performance Indicators (SPI)","SYR","Syrian Arab Republic","SYR","Syria"
2,"Statistical Performance Indicators (SPI)","YEM","Yemen, Rep.","YEM","Yemen"
2,"Statistical Performance Indicators (SPI)","GNQ","Equatorial Guinea","GNQ","Equatorial Guinea"
2,"Statistical Performance Indicators (SPI)","LBY","Libya","LBY","Libya"
2,"Statistical Performance Indicators (SPI)","TKM","Turkmenistan","TKM","Turkmenistan"
2,"Statistical Performance Indicators (SPI)","SSD","South Sudan","SSD","South Sudan"
2,"Statistical Performance Indicators (SPI)","ASM","American Samoa","ASM","American Samoa"
2,"Statistical Performance Indicators (SPI)","ABW","Aruba","ABW","Aruba"
2,"Statistical Performance Indicators (SPI)","BMU","Bermuda","BMU","Bermuda"
2,"Statistical Performance Indicators (SPI)","VGB","British Virgin Islands","VGB","British Virgin Islands"
2,"Statistical Performance Indicators (SPI)","CYM","Cayman Islands","CYM","Cayman Islands"
2,"Statistical Performance Indicators (SPI)","CHI","Channel Islands","CHI","Channel Islands"
2,"Statistical Performance Indicators (SPI)","COM","Comoros","COM","Comoros"
2,"Statistical Performance Indicators (SPI)","CUB","Cuba","CUB","Cuba"
2,"Statistical Performance Indicators (SPI)","CUW","Curacao","CUW","Curaçao"
2,"Statistical Performance Indicators (SPI)","ERI","Eritrea","ERI","Eritrea"
2,"Statistical Performance Indicators (SPI)","FRO","Faroe Islands","FRO","Faroe Islands"
2,"Statistical Performance Indicators (SPI)","PYF","French Polynesia","PYF","French Polynesia"
2,"Statistical Performance Indicators (SPI)","GIB","Gibraltar","GIB","Gibraltar"
2,"Statistical Performance Indicators (SPI)","GRL","Greenland","GRL","Greenland"
2,"Statistical Performance Indicators (SPI)","GUM","Guam","GUM","Guam"
2,"Statistical Performance Indicators (SPI)","HKG","Hong Kong SAR, China","HKG","Hong Kong SAR China"
2,"Statistical Performance Indicators (SPI)","IMN","Isle of Man","IMN","Isle of Man"
2,"Statistical Performance Indicators (SPI)","PRK","Korea, Dem. People's Rep.","PRK","North Korea"
2,"Statistical Performance Indicators (SPI)","XKX","Kosovo","XKX","Kosovo"
2,"Statistical Performance Indicators (SPI)","LIE","Liechtenstein","LIE","Liechtenstein"
2,"Statistical Performance Indicators (SPI)","MAC","Macao SAR, China","MAC","Macao SAR China"
2,"Statistical Performance Indicators (SPI)","MCO","Monaco","MCO","Monaco"
2,"Statistical Performance Indicators (SPI)","NCL","New Caledonia","NCL","New Caledonia"
2,"Statistical Performance Indicators (SPI)","MNP","Northern Mariana Islands","MNP","Northern Mariana Islands"
2,"Statistical Performance Indicators (SPI)","PRI","Puerto Rico","PRI","Puerto Rico"
2,"Statistical Performance Indicators (SPI)","SMR","San Marino","SMR","San Marino"
2,"Statistical Performance Indicators (SPI)","SXM","Sint Maarten (Dutch part)","SXM","Sint Maarten"
2,"Statistical Performance Indicators (SPI)","MAF","St. Martin (French part)","MAF","Saint Martin (French part)"
2,"Statistical Performance Indicators (SPI)","TCA","Turks and Caicos Islands","TCA","Turks & Caicos Islands"
2,"Statistical Performance Indicators (SPI)","VIR","Virgin Islands (U.S.)","VIR","U.S. Virgin Islands"
3,"Sustainable Development Goals (SDG)","AFG","Afghanistan","AFG","Afghanistan"
3,"Sustainable Development Goals (SDG)","AGO","Angola","AGO","Angola"
3,"Sustainable Development Goals (SDG)","ALB","Albania","ALB","Albania"
3,"Sustainable Development Goals (SDG)","AND","Andorra","AND","Andorra"
3,"Sustainable Development Goals (SDG)","ARE","United Arab Emirates","ARE","United Arab Emirates"
3,"Sustainable Development Goals (SDG)","ARG","Argentina","ARG","Argentina"
3,"Sustainable Development Goals (SDG)","ARM","Armenia","ARM","Armenia"
3,"Sustainable Development Goals (SDG)","ATG","Antigua and Barbuda","ATG","Antigua & Barbuda"
3,"Sustainable Development Goals (SDG)","AUS","Australia","AUS","Australia"
3,"Sustainable Development Goals (SDG)","AUT","Austria","AUT","Austria"
3,"Sustainable Development Goals (SDG)","AZE","Azerbaijan","AZE","Azerbaijan"
3,"Sustainable Development Goals (SDG)","BDI","Burundi","BDI","Burundi"
3,"Sustainable Development Goals (SDG)","BEL","Belgium","BEL","Belgium"
3,"Sustainable Development Goals (SDG)","BEN","Benin","BEN","Benin"
3,"Sustainable Development Goals (SDG)","BFA","Burkina Faso","BFA","Burkina Faso"
3,"Sustainable Development Goals (SDG)","BGD","Bangladesh","BGD","Bangladesh"
3,"Sustainable Development Goals (SDG)","BGR","Bulgaria","BGR","Bulgaria"
3,"Sustainable Development Goals (SDG)","BHR","Bahrain","BHR","Bahrain"
3,"Sustainable Development Goals (SDG)","BHS","Bahamas, The","BHS","Bahamas"
3,"Sustainable Development Goals (SDG)","BIH","Bosnia and Herzegovina","BIH","Bosnia & Herzegovina"
3,"Sustainable Development Goals (SDG)","BLR","Belarus","BLR","Belarus"
3,"Sustainable Development Goals (SDG)","BLZ","Belize","BLZ","Belize"
3,"Sustainable Development Goals (SDG)","BOL","Bolivia","BOL","Bolivia"
3,"Sustainable Development Goals (SDG)","BRA","Brazil","BRA","Brazil"
3,"Sustainable Development Goals (SDG)","BRB","Barbados","BRB","Barbados"
3,"Sustainable Development Goals (SDG)","BRN","Brunei Darussalam","BRN","Brunei"
3,"Sustainable Development Goals (SDG)","BTN","Bhutan","BTN","Bhutan"
3,"Sustainable Development Goals (SDG)","BWA","Botswana","BWA","Botswana"
3,"Sustainable Development Goals (SDG)","CAF","Central African Republic","CAF","Central African Republic"
3,"Sustainable Development Goals (SDG)","CAN","Canada","CAN","Canada"
3,"Sustainable Development Goals (SDG)","CHE","Switzerland","CHE","Switzerland"
3,"Sustainable Development Goals (SDG)","CHL","Chile","CHL","Chile"
3,"Sustainable Development Goals (SDG)","CHN","China","CHN","China"
3,"Sustainable Development Goals (SDG)","CIV","Cote d'Ivoire","CIV","Côte d’Ivoire"
3,"Sustainable Development Goals (SDG)","CMR","Cameroon","CMR","Cameroon"
3,"Sustainable Development Goals (SDG)","COD","Congo, Dem. Rep.","COD","Congo (Kinshasa)"
3,"Sustainable Development Goals (SDG)","COG","Congo, Rep.","COG","Congo - Brazzaville"
3,"Sustainable Development Goals (SDG)","COL","Colombia","COL","Colombia"
3,"Sustainable Development Goals (SDG)","COM","Comoros","COM","Comoros"
3,"Sustainable Development Goals (SDG)","CPV","Cabo Verde","CPV","Cape Verde"
3,"Sustainable Development Goals (SDG)","CRI","Costa Rica","CRI","Costa Rica"
3,"Sustainable Development Goals (SDG)","CUB","Cuba","CUB","Cuba"
3,"Sustainable Development Goals (SDG)","CYP","Cyprus","CYP","Cyprus"
3,"Sustainable Development Goals (SDG)","CZE","Czechia","CZE","Czechia"
3,"Sustainable Development Goals (SDG)","DEU","Germany","DEU","Germany"
3,"Sustainable Development Goals (SDG)","DJI","Djibouti","DJI","Djibouti"
3,"Sustainable Development Goals (SDG)","DMA","Dominica","DMA","Dominica"
3,"Sustainable Development Goals (SDG)","DNK","Denmark","DNK","Denmark"
3,"Sustainable Development Goals (SDG)","DOM","Dominican Republic","DOM","Dominican Republic"
3,"Sustainable Development Goals (SDG)","DZA","Algeria","DZA","Algeria"
3,"Sustainable Development Goals (SDG)","ECU","Ecuador","ECU","Ecuador"
3,"Sustainable Development Goals (SDG)","EGY","Egypt, Arab Rep.","EGY","Egypt"
3,"Sustainable Development Goals (SDG)","ERI","Eritrea","ERI","Eritrea"
3,"Sustainable Development Goals (SDG)","ESP","Spain","ESP","Spain"
3,"Sustainable Development Goals (SDG)","EST","Estonia","EST","Estonia"
3,"Sustainable Development Goals (SDG)","ETH","Ethiopia","ETH","Ethiopia"
3,"Sustainable Development Goals (SDG)","FIN","Finland","FIN","Finland"
3,"Sustainable Development Goals (SDG)","FJI","Fiji","FJI","Fiji"
3,"Sustainable Development Goals (SDG)","FRA","France","FRA","France"
3,"Sustainable Development Goals (SDG)","FSM","Micronesia, Fed. Sts.","FSM","Micronesia (Federated States of)"
3,"Sustainable Development Goals (SDG)","GAB","Gabon","GAB","Gabon"
3,"Sustainable Development Goals (SDG)","GBR","United Kingdom","GBR","United Kingdom"
3,"Sustainable Development Goals (SDG)","GEO","Georgia","GEO","Georgia"
3,"Sustainable Development Goals (SDG)","GHA","Ghana","GHA","Ghana"
3,"Sustainable Development Goals (SDG)","GIN","Guinea","GIN","Guinea"
3,"Sustainable Development Goals (SDG)","GMB","Gambia, The","GMB","Gambia"
3,"Sustainable Development Goals (SDG)","GNB","Guinea-Bissau","GNB","Guinea-Bissau"
3,"Sustainable Development Goals (SDG)","GNQ","Equatorial Guinea","GNQ","Equatorial Guinea"
3,"Sustainable Development Goals (SDG)","GRC","Greece","GRC","Greece"
3,"Sustainable Development Goals (SDG)","GRD","Grenada","GRD","Grenada"
3,"Sustainable Development Goals (SDG)","GTM","Guatemala","GTM","Guatemala"
3,"Sustainable Development Goals (SDG)","GUY","Guyana","GUY","Guyana"
3,"Sustainable Development Goals (SDG)","HND","Honduras","HND","Honduras"
3,"Sustainable Development Goals (SDG)","HRV","Croatia","HRV","Croatia"
3,"Sustainable Development Goals (SDG)","HTI","Haiti","HTI","Haiti"
3,"Sustainable Development Goals (SDG)","HUN","Hungary","HUN","Hungary"
3,"Sustainable Development Goals (SDG)","IDN","Indonesia","IDN","Indonesia"
3,"Sustainable Development Goals (SDG)","IND","India","IND","India"
3,"Sustainable Development Goals (SDG)","IRL","Ireland","IRL","Ireland"
3,"Sustainable Development Goals (SDG)","IRN","Iran, Islamic Rep.","IRN","Iran, Islamic Rep."
3,"Sustainable Development Goals (SDG)","IRQ","Iraq","IRQ","Iraq"
3,"Sustainable Development Goals (SDG)","ISL","Iceland","ISL","Iceland"
3,"Sustainable Development Goals (SDG)","ISR","Israel","ISR","Israel"
3,"Sustainable Development Goals (SDG)","ITA","Italy","ITA","Italy"
3,"Sustainable Development Goals (SDG)","JAM","Jamaica","JAM","Jamaica"
3,"Sustainable Development Goals (SDG)","JOR","Jordan","JOR","Jordan"
3,"Sustainable Development Goals (SDG)","JPN","Japan","JPN","Japan"
3,"Sustainable Development Goals (SDG)","KAZ","Kazakhstan","KAZ","Kazakhstan"
3,"Sustainable Development Goals (SDG)","KEN","Kenya","KEN","Kenya"
3,"Sustainable Development Goals (SDG)","KGZ","Kyrgyz Republic","KGZ","Kyrgyz Republic"
3,"Sustainable Development Goals (SDG)","KHM","Cambodia","KHM","Cambodia"
3,"Sustainable Development Goals (SDG)","KIR","Kiribati","KIR","Kiribati"
3,"Sustainable Development Goals (SDG)","KNA","St. Kitts and Nevis","KNA","St. Kitts & Nevis"
3,"Sustainable Development Goals (SDG)","KOR","Korea, Rep.","KOR","South Korea"
3,"Sustainable Development Goals (SDG)","KWT","Kuwait","KWT","Kuwait"
3,"Sustainable Development Goals (SDG)","LAO","Lao PDR","LAO","Laos"
3,"Sustainable Development Goals (SDG)","LBN","Lebanon","LBN","Lebanon"
3,"Sustainable Development Goals (SDG)","LBR","Liberia","LBR","Liberia"
3,"Sustainable Development Goals (SDG)","LBY","Libya","LBY","Libya"
3,"Sustainable Development Goals (SDG)","LCA","St. Lucia","LCA","St. Lucia"
3,"Sustainable Development Goals (SDG)","LIE","Liechtenstein","LIE","Liechtenstein"
3,"Sustainable Development Goals (SDG)","LKA","Sri Lanka","LKA","Sri Lanka"
3,"Sustainable Development Goals (SDG)","LSO","Lesotho","LSO","Lesotho"
3,"Sustainable Development Goals (SDG)","LTU","Lithuania","LTU","Lithuania"
3,"Sustainable Development Goals (SDG)","LUX","Luxembourg","LUX","Luxembourg"
3,"Sustainable Development Goals (SDG)","LVA","Latvia","LVA","Latvia"
3,"Sustainable Development Goals (SDG)","MAR","Morocco","MAR","Morocco"
3,"Sustainable Development Goals (SDG)","MCO","Monaco","MCO","Monaco"
3,"Sustainable Development Goals (SDG)","MDA","Moldova","MDA","Moldova"
3,"Sustainable Development Goals (SDG)","MDG","Madagascar","MDG","Madagascar"
3,"Sustainable Development Goals (SDG)","MDV","Maldives","MDV","Maldives"
3,"Sustainable Development Goals (SDG)","MEX","Mexico","MEX","Mexico"
3,"Sustainable Development Goals (SDG)","MHL","Marshall Islands","MHL","Marshall Islands"
3,"Sustainable Development Goals (SDG)","MKD","North Macedonia","MKD","North Macedonia"
3,"Sustainable Development Goals (SDG)","MLI","Mali","MLI","Mali"
3,"Sustainable Development Goals (SDG)","MLT","Malta","MLT","Malta"
3,"Sustainable Development Goals (SDG)","MMR","Myanmar","MMR","Myanmar (Burma)"
3,"Sustainable Development Goals (SDG)","MNE","Montenegro","MNE","Montenegro"
3,"Sustainable Development Goals (SDG)","MNG","Mongolia","MNG","Mongolia"
3,"Sustainable Development Goals (SDG)","MOZ","Mozambique","MOZ","Mozambique"
3,"Sustainable Development Goals (SDG)","MRT","Mauritania","MRT","Mauritania"
3,"Sustainable Development Goals (SDG)","MUS","Mauritius","MUS","Mauritius"
3,"Sustainable Development Goals (SDG)","MWI","Malawi","MWI","Malawi"
3,"Sustainable Development Goals (SDG)","MYS","Malaysia","MYS","Malaysia"
3,"Sustainable Development Goals (SDG)","NAM","Namibia","NAM","Namibia"
3,"Sustainable Development Goals (SDG)","NER","Niger","NER","Niger"
3,"Sustainable Development Goals (SDG)","NGA","Nigeria","NGA","Nigeria"
3,"Sustainable Development Goals (SDG)","NIC","Nicaragua","NIC","Nicaragua"
3,"Sustainable Development Goals (SDG)","NLD","Netherlands","NLD","Netherlands"
3,"Sustainable Development Goals (SDG)","NOR","Norway","NOR","Norway"
3,"Sustainable Development Goals (SDG)","NPL","Nepal","NPL","Nepal"
3,"Sustainable Development Goals (SDG)","NRU","Nauru","NRU","Nauru"
3,"Sustainable Development Goals (SDG)","NZL","New Zealand","NZL","New Zealand"
3,"Sustainable Development Goals (SDG)","OMN","Oman","OMN","Oman"
3,"Sustainable Development Goals (SDG)","PAK","Pakistan","PAK","Pakistan"
3,"Sustainable Development Goals (SDG)","PAN","Panama","PAN","Panama"
3,"Sustainable Development Goals (SDG)","PER","Peru","PER","Peru"
3,"Sustainable Development Goals (SDG)","PHL","Philippines","PHL","Philippines"
3,"Sustainable Development Goals (SDG)","PLW","Palau","PLW","Palau"
3,"Sustainable Development Goals (SDG)","PNG","Papua New Guinea","PNG","Papua New Guinea"
3,"Sustainable Development Goals (SDG)","POL","Poland","POL","Poland"
3,"Sustainable Development Goals (SDG)","PRK","Korea, Dem. Rep.","PRK","North Korea"
3,"Sustainable Development Goals (SDG)","PRT","Portugal","PRT","Portugal"
3,"Sustainable Development Goals (SDG)","PRY","Paraguay","PRY","Paraguay"
3,"Sustainable Development Goals (SDG)","QAT","Qatar","QAT","Qatar"
3,"Sustainable Development Goals (SDG)","ROU","Romania","ROU","Romania"
3,"Sustainable Development Goals (SDG)","RUS","Russian Federation","RUS","Russia"
3,"Sustainable Development Goals (SDG)","RWA","Rwanda","RWA","Rwanda"
3,"Sustainable Development Goals (SDG)","SAU","Saudi Arabia","SAU","Saudi Arabia"
3,"Sustainable Development Goals (SDG)","SDN","Sudan","SDN","Sudan"
3,"Sustainable Development Goals (SDG)","SEN","Senegal","SEN","Senegal"
3,"Sustainable Development Goals (SDG)","SGP","Singapore","SGP","Singapore"
3,"Sustainable Development Goals (SDG)","SLB","Solomon Islands","SLB","Solomon Islands"
3,"Sustainable Development Goals (SDG)","SLE","Sierra Leone","SLE","Sierra Leone"
3,"Sustainable Development Goals (SDG)","SLV","El Salvador","SLV","El Salvador"
3,"Sustainable Development Goals (SDG)","SMR","San Marino","SMR","San Marino"
3,"Sustainable Development Goals (SDG)","SOM","Somalia","SOM","Somalia"
3,"Sustainable Development Goals (SDG)","SRB","Serbia","SRB","Serbia"
3,"Sustainable Development Goals (SDG)","SSD","South Sudan","SSD","South Sudan"
3,"Sustainable Development Goals (SDG)","STP","Sao Tome and Principe","STP","São Tomé & Príncipe"
3,"Sustainable Development Goals (SDG)","SUR","Suriname","SUR","Suriname"
3,"Sustainable Development Goals (SDG)","SVK","Slovak Republic","SVK","Slovakia"
3,"Sustainable Development Goals (SDG)","SVN","Slovenia","SVN","Slovenia"
3,"Sustainable Development Goals (SDG)","SWE","Sweden","SWE","Sweden"
3,"Sustainable Development Goals (SDG)","SWZ","Eswatini","SWZ","Eswatini"
3,"Sustainable Development Goals (SDG)","SYC","Seychelles","SYC","Seychelles"
3,"Sustainable Development Goals (SDG)","SYR","Syrian Arab Republic","SYR","Syria"
3,"Sustainable Development Goals (SDG)","TCD","Chad","TCD","Chad"
3,"Sustainable Development Goals (SDG)","TGO","Togo","TGO","Togo"
3,"Sustainable Development Goals (SDG)","THA","Thailand","THA","Thailand"
3,"Sustainable Development Goals (SDG)","TJK","Tajikistan","TJK","Tajikistan"
3,"Sustainable Development Goals (SDG)","TKM","Turkmenistan","TKM","Turkmenistan"
3,"Sustainable Development Goals (SDG)","TLS","Timor-Leste","TLS","Timor-Leste"
3,"Sustainable Development Goals (SDG)","TON","Tonga","TON","Tonga"
3,"Sustainable Development Goals (SDG)","TTO","Trinidad and Tobago","TTO","Trinidad & Tobago"
3,"Sustainable Development Goals (SDG)","TUN","Tunisia","TUN","Tunisia"
3,"Sustainable Development Goals (SDG)","TUR","Türkiye","TUR","Turkey"
3,"Sustainable Development Goals (SDG)","TUV","Tuvalu","TUV","Tuvalu"
3,"Sustainable Development Goals (SDG)","TZA","Tanzania","TZA","Tanzania"
3,"Sustainable Development Goals (SDG)","UGA","Uganda","UGA","Uganda"
3,"Sustainable Development Goals (SDG)","UKR","Ukraine","UKR","Ukraine"
3,"Sustainable Development Goals (SDG)","URY","Uruguay","URY","Uruguay"
3,"Sustainable Development Goals (SDG)","USA","United States","USA","United States"
3,"Sustainable Development Goals (SDG)","UZB","Uzbekistan","UZB","Uzbekistan"
3,"Sustainable Development Goals (SDG)","VCT","St. Vincent and the Grenadines","VCT","St. Vincent & Grenadines"
3,"Sustainable Development Goals (SDG)","VEN","Venezuela, RB","VEN","Venezuela"
3,"Sustainable Development Goals (SDG)","VNM","Vietnam","VNM","Vietnam"
3,"Sustainable Development Goals (SDG)","VUT","Vanuatu","VUT","Vanuatu"
3,"Sustainable Development Goals (SDG)","WSM","Samoa","WSM","Samoa"
3,"Sustainable Development Goals (SDG)","YEM","Yemen, Rep.","YEM","Yemen"
3,"Sustainable Development Goals (SDG)","ZAF","South Africa","ZAF","South Africa"
3,"Sustainable Development Goals (SDG)","ZMB","Zambia","ZMB","Zambia"
3,"Sustainable Development Goals (SDG)","ZWE","Zimbabwe","ZWE","Zimbabwe"
4,"Sustainable Development Goals (Raw Indicators)","AFG","Afghanistan","AFG","Afghanistan"
4,"Sustainable Development Goals (Raw Indicators)","AGO","Angola","AGO","Angola"
4,"Sustainable Development Goals (Raw Indicators)","ALB","Albania","ALB","Albania"
4,"Sustainable Development Goals (Raw Indicators)","AND","Andorra","AND","Andorra"
4,"Sustainable Development Goals (Raw Indicators)","ARE","United Arab Emirates","ARE","United Arab Emirates"
4,"Sustainable Development Goals (Raw Indicators)","ARG","Argentina","ARG","Argentina"
4,"Sustainable Development Goals (Raw Indicators)","ARM","Armenia","ARM","Armenia"
4,"Sustainable Development Goals (Raw Indicators)","ATG","Antigua and Barbuda","ATG","Antigua & Barbuda"
4,"Sustainable Development Goals (Raw Indicators)","AUS","Australia","AUS","Australia"
4,"Sustainable Development Goals (Raw Indicators)","AUT","Austria","AUT","Austria"
4,"Sustainable Development Goals (Raw Indicators)","AZE","Azerbaijan","AZE","Azerbaijan"
4,"Sustainable Development Goals (Raw Indicators)","BDI","Burundi","BDI","Burundi"
4,"Sustainable Development Goals (Raw Indicators)","BEL","Belgium","BEL","Belgium"
4,"Sustainable Development Goals (Raw Indicators)","BEN","Benin","BEN","Benin"
4,"Sustainable Development Goals (Raw Indicators)","BFA","Burkina Faso","BFA","Burkina Faso"
4,"Sustainable Development Goals (Raw Indicators)","BGD","Bangladesh","BGD","Bangladesh"
4,"Sustainable Development Goals (Raw Indicators)","BGR","Bulgaria","BGR","Bulgaria"
4,"Sustainable Development Goals (Raw Indicators)","BHR","Bahrain","BHR","Bahrain"
4,"Sustainable Development Goals (Raw Indicators)","BHS","Bahamas, The","BHS","Bahamas"
4,"Sustainable Development Goals (Raw Indicators)","BIH","Bosnia and Herzegovina","BIH","Bosnia & Herzegovina"
4,"Sustainable Development Goals (Raw Indicators)","BLR","Belarus","BLR","Belarus"
4,"Sustainable Development Goals (Raw Indicators)","BLZ","Belize","BLZ","Belize"
4,"Sustainable Development Goals (Raw Indicators)","BOL","Bolivia","BOL","Bolivia"
4,"Sustainable Development Goals (Raw Indicators)","BRA","Brazil","BRA","Brazil"
4,"Sustainable Development Goals (Raw Indicators)","BRB","Barbados","BRB","Barbados"
4,"Sustainable Development Goals (Raw Indicators)","BRN","Brunei Darussalam","BRN","Brunei"
4,"Sustainable Development Goals (Raw Indicators)","BTN","Bhutan","BTN","Bhutan"
4,"Sustainable Development Goals (Raw Indicators)","BWA","Botswana","BWA","Botswana"
4,"Sustainable Development Goals (Raw Indicators)","CAF","Central African Republic","CAF","Central African Republic"
4,"Sustainable Development Goals (Raw Indicators)","CAN","Canada","CAN","Canada"
4,"Sustainable Development Goals (Raw Indicators)","CHE","Switzerland","CHE","Switzerland"
4,"Sustainable Development Goals (Raw Indicators)","CHL","Chile","CHL","Chile"
4,"Sustainable Development Goals (Raw Indicators)","CHN","China","CHN","China"
4,"Sustainable Development Goals (Raw Indicators)","CIV","Cote d'Ivoire","CIV","Côte d’Ivoire"
4,"Sustainable Development Goals (Raw Indicators)","CMR","Cameroon","CMR","Cameroon"
4,"Sustainable Development Goals (Raw Indicators)","COD","Congo, Dem. Rep.","COD","Congo (Kinshasa)"
4,"Sustainable Development Goals (Raw Indicators)","COG","Congo, Rep.","COG","Congo - Brazzaville"
4,"Sustainable Development Goals (Raw Indicators)","COL","Colombia","COL","Colombia"
4,"Sustainable Development Goals (Raw Indicators)","COM","Comoros","COM","Comoros"
4,"Sustainable Development Goals (Raw Indicators)","CPV","Cabo Verde","CPV","Cape Verde"
4,"Sustainable Development Goals (Raw Indicators)","CRI","Costa Rica","CRI","Costa Rica"
4,"Sustainable Development Goals (Raw Indicators)","CUB","Cuba","CUB","Cuba"
4,"Sustainable Development Goals (Raw Indicators)","CYP","Cyprus","CYP","Cyprus"
4,"Sustainable Development Goals (Raw Indicators)","CZE","Czechia","CZE","Czechia"
4,"Sustainable Development Goals (Raw Indicators)","DEU","Germany","DEU","Germany"
4,"Sustainable Development Goals (Raw Indicators)","DJI","Djibouti","DJI","Djibouti"
4,"Sustainable Development Goals (Raw Indicators)","DMA","Dominica","DMA","Dominica"
4,"Sustainable Development Goals (Raw Indicators)","DNK","Denmark","DNK","Denmark"
4,"Sustainable Development Goals (Raw Indicators)","DOM","Dominican Republic","DOM","Dominican Republic"
4,"Sustainable Development Goals (Raw Indicators)","DZA","Algeria","DZA","Algeria"
4,"Sustainable Development Goals (Raw Indicators)","ECU","Ecuador","ECU","Ecuador"
4,"Sustainable Development Goals (Raw Indicators)","EGY","Egypt, Arab Rep.","EGY","Egypt"
4,"Sustainable Development Goals (Raw Indicators)","ERI","Eritrea","ERI","Eritrea"
4,"Sustainable Development Goals (Raw Indicators)","ESP","Spain","ESP","Spain"
4,"Sustainable Development Goals (Raw Indicators)","EST","Estonia","EST","Estonia"
4,"Sustainable Development Goals (Raw Indicators)","ETH","Ethiopia","ETH","Ethiopia"
4,"Sustainable Development Goals (Raw Indicators)","FIN","Finland","FIN","Finland"
4,"Sustainable Development Goals (Raw Indicators)","FJI","Fiji","FJI","Fiji"
4,"Sustainable Development Goals (Raw Indicators)","FRA","France","FRA","France"
4,"Sustainable Development Goals (Raw Indicators)","FSM","Micronesia, Fed. Sts.","FSM","Micronesia (Federated States of)"
4,"Sustainable Development Goals (Raw Indicators)","GAB","Gabon","GAB","Gabon"
4,"Sustainable Development Goals (Raw Indicators)","GBR","United Kingdom","GBR","United Kingdom"
4,"Sustainable Development Goals (Raw Indicators)","GEO","Georgia","GEO","Georgia"
4,"Sustainable Development Goals (Raw Indicators)","GHA","Ghana","GHA","Ghana"
4,"Sustainable Development Goals (Raw Indicators)","GIN","Guinea","GIN","Guinea"
4,"Sustainable Development Goals (Raw Indicators)","GMB","Gambia, The","GMB","Gambia"
4,"Sustainable Development Goals (Raw Indicators)","GNB","Guinea-Bissau","GNB","Guinea-Bissau"
4,"Sustainable Development Goals (Raw Indicators)","GNQ","Equatorial Guinea","GNQ","Equatorial Guinea"
4,"Sustainable Development Goals (Raw Indicators)","GRC","Greece","GRC","Greece"
4,"Sustainable Development Goals (Raw Indicators)","GRD","Grenada","GRD","Grenada"
4,"Sustainable Development Goals (Raw Indicators)","GTM","Guatemala","GTM","Guatemala"
4,"Sustainable Development Goals (Raw Indicators)","GUY","Guyana","GUY","Guyana"
4,"Sustainable Development Goals (Raw Indicators)","HND","Honduras","HND","Honduras"
4,"Sustainable Development Goals (Raw Indicators)","HRV","Croatia","HRV","Croatia"
4,"Sustainable Development Goals (Raw Indicators)","HTI","Haiti","HTI","Haiti"
4,"Sustainable Development Goals (Raw Indicators)","HUN","Hungary","HUN","Hungary"
4,"Sustainable Development Goals (Raw Indicators)","IDN","Indonesia","IDN","Indonesia"
4,"Sustainable Development Goals (Raw Indicators)","IND","India","IND","India"
4,"Sustainable Development Goals (Raw Indicators)","IRL","Ireland","IRL","Ireland"
4,"Sustainable Development Goals (Raw Indicators)","IRN","Iran, Islamic Rep.","IRN","Iran, Islamic Rep."
4,"Sustainable Development Goals (Raw Indicators)","IRQ","Iraq","IRQ","Iraq"
4,"Sustainable Development Goals (Raw Indicators)","ISL","Iceland","ISL","Iceland"
4,"Sustainable Development Goals (Raw Indicators)","ISR","Israel","ISR","Israel"
4,"Sustainable Development Goals (Raw Indicators)","ITA","Italy","ITA","Italy"
4,"Sustainable Development Goals (Raw Indicators)","JAM","Jamaica","JAM","Jamaica"
4,"Sustainable Development Goals (Raw Indicators)","JOR","Jordan","JOR","Jordan"
4,"Sustainable Development Goals (Raw Indicators)","JPN","Japan","JPN","Japan"
4,"Sustainable Development Goals (Raw Indicators)","KAZ","Kazakhstan","KAZ","Kazakhstan"
4,"Sustainable Development Goals (Raw Indicators)","KEN","Kenya","KEN","Kenya"
4,"Sustainable Development Goals (Raw Indicators)","KGZ","Kyrgyz Republic","KGZ","Kyrgyz Republic"
4,"Sustainable Development Goals (Raw Indicators)","KHM","Cambodia","KHM","Cambodia"
4,"Sustainable Development Goals (Raw Indicators)","KIR","Kiribati","KIR","Kiribati"
4,"Sustainable Development Goals (Raw Indicators)","KNA","St. Kitts and Nevis","KNA","St. Kitts & Nevis"
4,"Sustainable Development Goals (Raw Indicators)","KOR","Korea, Rep.","KOR","South Korea"
4,"Sustainable Development Goals (Raw Indicators)","KWT","Kuwait","KWT","Kuwait"
4,"Sustainable Development Goals (Raw Indicators)","LAO","Lao PDR","LAO","Laos"
4,"Sustainable Development Goals (Raw Indicators)","LBN","Lebanon","LBN","Lebanon"
4,"Sustainable Development Goals (Raw Indicators)","LBR","Liberia","LBR","Liberia"
4,"Sustainable Development Goals (Raw Indicators)","LBY","Libya","LBY","Libya"
4,"Sustainable Development Goals (Raw Indicators)","LCA","St. Lucia","LCA","St. Lucia"
4,"Sustainable Development Goals (Raw Indicators)","LIE","Liechtenstein","LIE","Liechtenstein"
4,"Sustainable Development Goals (Raw Indicators)","LKA","Sri Lanka","LKA","Sri Lanka"
4,"Sustainable Development Goals (Raw Indicators)","LSO","Lesotho","LSO","Lesotho"
4,"Sustainable Development Goals (Raw Indicators)","LTU","Lithuania","LTU","Lithuania"
4,"Sustainable Development Goals (Raw Indicators)","LUX","Luxembourg","LUX","Luxembourg"
4,"Sustainable Development Goals (Raw Indicators)","LVA","Latvia","LVA","Latvia"
4,"Sustainable Development Goals (Raw Indicators)","MAR","Morocco","MAR","Morocco"
4,"Sustainable Development Goals (Raw Indicators)","MCO","Monaco","MCO","Monaco"
4,"Sustainable Development Goals (Raw Indicators)","MDA","Moldova","MDA","Moldova"
4,"Sustainable Development Goals (Raw Indicators)","MDG","Madagascar","MDG","Madagascar"
4,"Sustainable Development Goals (Raw Indicators)","MDV","Maldives","MDV","Maldives"
4,"Sustainable Development Goals (Raw Indicators)","MEX","Mexico","MEX","Mexico"
4,"Sustainable Development Goals (Raw Indicators)","MHL","Marshall Islands","MHL","Marshall Islands"
4,"Sustainable Development Goals (Raw Indicators)","MKD","North Macedonia","MKD","North Macedonia"
4,"Sustainable Development Goals (Raw Indicators)","MLI","Mali","MLI","Mali"
4,"Sustainable Development Goals (Raw Indicators)","MLT","Malta","MLT","Malta"
4,"Sustainable Development Goals (Raw Indicators)","MMR","Myanmar","MMR","Myanmar (Burma)"
4,"Sustainable Development Goals (Raw Indicators)","MNE","Montenegro","MNE","Montenegro"
4,"Sustainable Development Goals (Raw Indicators)","MNG","Mongolia","MNG","Mongolia"
4,"Sustainable Development Goals (Raw Indicators)","MOZ","Mozambique","MOZ","Mozambique"
4,"Sustainable Development Goals (Raw Indicators)","MRT","Mauritania","MRT","Mauritania"
4,"Sustainable Development Goals (Raw Indicators)","MUS","Mauritius","MUS","Mauritius"
4,"Sustainable Development Goals (Raw Indicators)","MWI","Malawi","MWI","Malawi"
4,"Sustainable Development Goals (Raw Indicators)","MYS","Malaysia","MYS","Malaysia"
4,"Sustainable Development Goals (Raw Indicators)","NAM","Namibia","NAM","Namibia"
4,"Sustainable Development Goals (Raw Indicators)","NER","Niger","NER","Niger"
4,"Sustainable Development Goals (Raw Indicators)","NGA","Nigeria","NGA","Nigeria"
4,"Sustainable Development Goals (Raw Indicators)","NIC","Nicaragua","NIC","Nicaragua"
4,"Sustainable Development Goals (Raw Indicators)","NLD","Netherlands","NLD","Netherlands"
4,"Sustainable Development Goals (Raw Indicators)","NOR","Norway","NOR","Norway"
4,"Sustainable Development Goals (Raw Indicators)","NPL","Nepal","NPL","Nepal"
4,"Sustainable Development Goals (Raw Indicators)","NRU","Nauru","NRU","Nauru"
4,"Sustainable Development Goals (Raw Indicators)","NZL","New Zealand","NZL","New Zealand"
4,"Sustainable Development Goals (Raw Indicators)","OMN","Oman","OMN","Oman"
4,"Sustainable Development Goals (Raw Indicators)","PAK","Pakistan","PAK","Pakistan"
4,"Sustainable Development Goals (Raw Indicators)","PAN","Panama","PAN","Panama"
4,"Sustainable Development Goals (Raw Indicators)","PER","Peru","PER","Peru"
4,"Sustainable Development Goals (Raw Indicators)","PHL","Philippines","PHL","Philippines"
4,"Sustainable Development Goals (Raw Indicators)","PLW","Palau","PLW","Palau"
4,"Sustainable Development Goals (Raw Indicators)","PNG","Papua New Guinea","PNG","Papua New Guinea"
4,"Sustainable Development Goals (Raw Indicators)","POL","Poland","POL","Poland"
4,"Sustainable Development Goals (Raw Indicators)","PRK","Korea, Dem. Rep.","PRK","North Korea"
4,"Sustainable Development Goals (Raw Indicators)","PRT","Portugal","PRT","Portugal"
4,"Sustainable Development Goals (Raw Indicators)","PRY","Paraguay","PRY","Paraguay"
4,"Sustainable Development Goals (Raw Indicators)","QAT","Qatar","QAT","Qatar"
4,"Sustainable Development Goals (Raw Indicators)","ROU","Romania","ROU","Romania"
4,"Sustainable Development Goals (Raw Indicators)","RUS","Russian Federation","RUS","Russia"
4,"Sustainable Development Goals (Raw Indicators)","RWA","Rwanda","RWA","Rwanda"
4,"Sustainable Development Goals (Raw Indicators)","SAU","Saudi Arabia","SAU","Saudi Arabia"
4,"Sustainable Development Goals (Raw Indicators)","SDN","Sudan","SDN","Sudan"
4,"Sustainable Development Goals (Raw Indicators)","SEN","Senegal","SEN","Senegal"
4,"Sustainable Development Goals (Raw Indicators)","SGP","Singapore","SGP","Singapore"
4,"Sustainable Development Goals (Raw Indicators)","SLB","Solomon Islands","SLB","Solomon Islands"
4,"Sustainable Development Goals (Raw Indicators)","SLE","Sierra Leone","SLE","Sierra Leone"
4,"Sustainable Development Goals (Raw Indicators)","SLV","El Salvador","SLV","El Salvador"
4,"Sustainable Development Goals (Raw Indicators)","SMR","San Marino","SMR","San Marino"
4,"Sustainable Development Goals (Raw Indicators)","SOM","Somalia","SOM","Somalia"
4,"Sustainable Development Goals (Raw Indicators)","SRB","Serbia","SRB","Serbia"
4,"Sustainable Development Goals (Raw Indicators)","SSD","South Sudan","SSD","South Sudan"
4,"Sustainable Development Goals (Raw Indicators)","STP","Sao Tome and Principe","STP","São Tomé & Príncipe"
4,"Sustainable Development Goals (Raw Indicators)","SUR","Suriname","SUR","Suriname"
4,"Sustainable Development Goals (Raw Indicators)","SVK","Slovak Republic","SVK","Slovakia"
4,"Sustainable Development Goals (Raw Indicators)","SVN","Slovenia","SVN","Slovenia"
4,"Sustainable Development Goals (Raw Indicators)","SWE","Sweden","SWE","Sweden"
4,"Sustainable Development Goals (Raw Indicators)","SWZ","Eswatini","SWZ","Eswatini"
4,"Sustainable Development Goals (Raw Indicators)","SYC","Seychelles","SYC","Seychelles"
4,"Sustainable Development Goals (Raw Indicators)","SYR","Syrian Arab Republic","SYR","Syria"
4,"Sustainable Development Goals (Raw Indicators)","TCD","Chad","TCD","Chad"
4,"Sustainable Development Goals (Raw Indicators)","TGO","Togo","TGO","Togo"
4,"Sustainable Development Goals (Raw Indicators)","THA","Thailand","THA","Thailand"
4,"Sustainable Development Goals (Raw Indicators)","TJK","Tajikistan","TJK","Tajikistan"
4,"Sustainable Development Goals (Raw Indicators)","TKM","Turkmenistan","TKM","Turkmenistan"
4,"Sustainable Development Goals (Raw Indicators)","TLS","Timor-Leste","TLS","Timor-Leste"
4,"Sustainable Development Goals (Raw Indicators)","TON","Tonga","TON","Tonga"
4,"Sustainable Development Goals (Raw Indicators)","TTO","Trinidad and Tobago","TTO","Trinidad & Tobago"
4,"Sustainable Development Goals (Raw Indicators)","TUN","Tunisia","TUN","Tunisia"
4,"Sustainable Development Goals (Raw Indicators)","TUR","Türkiye","TUR","Turkey"
4,"Sustainable Development Goals (Raw Indicators)","TUV","Tuvalu","TUV","Tuvalu"
4,"Sustainable Development Goals (Raw Indicators)","TZA","Tanzania","TZA","Tanzania"
4,"Sustainable Development Goals (Raw Indicators)","UGA","Uganda","UGA","Uganda"
4,"Sustainable Development Goals (Raw Indicators)","UKR","Ukraine","UKR","Ukraine"
4,"Sustainable Development Goals (Raw Indicators)","URY","Uruguay","URY","Uruguay"
4,"Sustainable Development Goals (Raw Indicators)","USA","United States","USA","United States"
4,"Sustainable Development Goals (Raw Indicators)","UZB","Uzbekistan","UZB","Uzbekistan"
4,"Sustainable Development Goals (Raw Indicators)","VCT","St. Vincent and the Grenadines","VCT","St. Vincent & Grenadines"
4,"Sustainable Development Goals (Raw Indicators)","VEN","Venezuela, RB","VEN","Venezuela"
4,"Sustainable Development Goals (Raw Indicators)","VNM","Vietnam","VNM","Vietnam"
4,"Sustainable Development Goals (Raw Indicators)","VUT","Vanuatu","VUT","Vanuatu"
4,"Sustainable Development Goals (Raw Indicators)","WSM","Samoa","WSM","Samoa"
4,"Sustainable Development Goals (Raw Indicators)","YEM","Yemen, Rep.","YEM","Yemen"
4,"Sustainable Development Goals (Raw Indicators)","ZAF","South Africa","ZAF","South Africa"
4,"Sustainable Development Goals (Raw Indicators)","ZMB","Zambia","ZMB","Zambia"
4,"Sustainable Development Goals (Raw Indicators)","ZWE","Zimbabwe","ZWE","Zimbabwe"
5,"Episodes of Regime Transition (ERT-VDem)","MEX","Mexico","MEX","Mexico"
5,"Episodes of Regime Transition (ERT-VDem)","SUR","Suriname","SUR","Suriname"
5,"Episodes of Regime Transition (ERT-VDem)","SWE","Sweden","SWE","Sweden"
5,"Episodes of Regime Transition (ERT-VDem)","CHE","Switzerland","CHE","Switzerland"
5,"Episodes of Regime Transition (ERT-VDem)","GHA","Ghana","GHA","Ghana"
5,"Episodes of Regime Transition (ERT-VDem)","ZAF","South Africa","ZAF","South Africa"
5,"Episodes of Regime Transition (ERT-VDem)","JPN","Japan","JPN","Japan"
5,"Episodes of Regime Transition (ERT-VDem)","MMR","Burma/Myanmar","MMR","Myanmar (Burma)"
5,"Episodes of Regime Transition (ERT-VDem)","RUS","Russia","RUS","Russia"
5,"Episodes of Regime Transition (ERT-VDem)","ALB","Albania","ALB","Albania"
5,"Episodes of Regime Transition (ERT-VDem)","EGY","Egypt","EGY","Egypt"
5,"Episodes of Regime Transition (ERT-VDem)","YEM","Yemen","YEM","Yemen"
5,"Episodes of Regime Transition (ERT-VDem)","COL","Colombia","COL","Colombia"
5,"Episodes of Regime Transition (ERT-VDem)","POL","Poland","POL","Poland"
5,"Episodes of Regime Transition (ERT-VDem)","BRA","Brazil","BRA","Brazil"
5,"Episodes of Regime Transition (ERT-VDem)","USA","United States of America","USA","United States"
5,"Episodes of Regime Transition (ERT-VDem)","PRT","Portugal","PRT","Portugal"
5,"Episodes of Regime Transition (ERT-VDem)","SLV","El Salvador","SLV","El Salvador"
5,"Episodes of Regime Transition (ERT-VDem)","BGD","Bangladesh","BGD","Bangladesh"
5,"Episodes of Regime Transition (ERT-VDem)","BOL","Bolivia","BOL","Bolivia"
5,"Episodes of Regime Transition (ERT-VDem)","HTI","Haiti","HTI","Haiti"
5,"Episodes of Regime Transition (ERT-VDem)","HND","Honduras","HND","Honduras"
5,"Episodes of Regime Transition (ERT-VDem)","MLI","Mali","MLI","Mali"
5,"Episodes of Regime Transition (ERT-VDem)","PAK","Pakistan","PAK","Pakistan"
5,"Episodes of Regime Transition (ERT-VDem)","PER","Peru","PER","Peru"
5,"Episodes of Regime Transition (ERT-VDem)","SEN","Senegal","SEN","Senegal"
5,"Episodes of Regime Transition (ERT-VDem)","SSD","South Sudan","SSD","South Sudan"
5,"Episodes of Regime Transition (ERT-VDem)","SDN","Sudan","SDN","Sudan"
5,"Episodes of Regime Transition (ERT-VDem)","VNM","Vietnam","VNM","Vietnam"
5,"Episodes of Regime Transition (ERT-VDem)","AFG","Afghanistan","AFG","Afghanistan"
5,"Episodes of Regime Transition (ERT-VDem)","ARG","Argentina","ARG","Argentina"
5,"Episodes of Regime Transition (ERT-VDem)","ETH","Ethiopia","ETH","Ethiopia"
5,"Episodes of Regime Transition (ERT-VDem)","IND","India","IND","India"
5,"Episodes of Regime Transition (ERT-VDem)","KEN","Kenya","KEN","Kenya"
5,"Episodes of Regime Transition (ERT-VDem)","PRK","North Korea","PRK","North Korea"
5,"Episodes of Regime Transition (ERT-VDem)","KOR","South Korea","KOR","South Korea"
5,"Episodes of Regime Transition (ERT-VDem)","XKX","Kosovo","XKX","Kosovo"
5,"Episodes of Regime Transition (ERT-VDem)","LBN","Lebanon","LBN","Lebanon"
5,"Episodes of Regime Transition (ERT-VDem)","NGA","Nigeria","NGA","Nigeria"
5,"Episodes of Regime Transition (ERT-VDem)","PHL","Philippines","PHL","Philippines"
5,"Episodes of Regime Transition (ERT-VDem)","TZA","Tanzania","TZA","Tanzania"
5,"Episodes of Regime Transition (ERT-VDem)","TWN","Taiwan","TWN","Taiwan"
5,"Episodes of Regime Transition (ERT-VDem)","THA","Thailand","THA","Thailand"
5,"Episodes of Regime Transition (ERT-VDem)","UGA","Uganda","UGA","Uganda"
5,"Episodes of Regime Transition (ERT-VDem)","VEN","Venezuela","VEN","Venezuela"
5,"Episodes of Regime Transition (ERT-VDem)","BEN","Benin","BEN","Benin"
5,"Episodes of Regime Transition (ERT-VDem)","BTN","Bhutan","BTN","Bhutan"
5,"Episodes of Regime Transition (ERT-VDem)","BFA","Burkina Faso","BFA","Burkina Faso"
5,"Episodes of Regime Transition (ERT-VDem)","KHM","Cambodia","KHM","Cambodia"
5,"Episodes of Regime Transition (ERT-VDem)","IDN","Indonesia","IDN","Indonesia"
5,"Episodes of Regime Transition (ERT-VDem)","MOZ","Mozambique","MOZ","Mozambique"
5,"Episodes of Regime Transition (ERT-VDem)","NPL","Nepal","NPL","Nepal"
5,"Episodes of Regime Transition (ERT-VDem)","NIC","Nicaragua","NIC","Nicaragua"
5,"Episodes of Regime Transition (ERT-VDem)","NER","Niger","NER","Niger"
5,"Episodes of Regime Transition (ERT-VDem)","ZMB","Zambia","ZMB","Zambia"
5,"Episodes of Regime Transition (ERT-VDem)","ZWE","Zimbabwe","ZWE","Zimbabwe"
5,"Episodes of Regime Transition (ERT-VDem)","GIN","Guinea","GIN","Guinea"
5,"Episodes of Regime Transition (ERT-VDem)","CIV","Ivory Coast","CIV","Côte d’Ivoire"
5,"Episodes of Regime Transition (ERT-VDem)","MRT","Mauritania","MRT","Mauritania"
5,"Episodes of Regime Transition (ERT-VDem)","CAN","Canada","CAN","Canada"
5,"Episodes of Regime Transition (ERT-VDem)","AUS","Australia","AUS","Australia"
5,"Episodes of Regime Transition (ERT-VDem)","BWA","Botswana","BWA","Botswana"
5,"Episodes of Regime Transition (ERT-VDem)","BDI","Burundi","BDI","Burundi"
5,"Episodes of Regime Transition (ERT-VDem)","CPV","Cape Verde","CPV","Cape Verde"
5,"Episodes of Regime Transition (ERT-VDem)","CAF","Central African Republic","CAF","Central African Republic"
5,"Episodes of Regime Transition (ERT-VDem)","CHL","Chile","CHL","Chile"
5,"Episodes of Regime Transition (ERT-VDem)","CRI","Costa Rica","CRI","Costa Rica"
5,"Episodes of Regime Transition (ERT-VDem)","TLS","Timor-Leste","TLS","Timor-Leste"
5,"Episodes of Regime Transition (ERT-VDem)","ECU","Ecuador","ECU","Ecuador"
5,"Episodes of Regime Transition (ERT-VDem)","FRA","France","FRA","France"
5,"Episodes of Regime Transition (ERT-VDem)","DEU","Germany","DEU","Germany"
5,"Episodes of Regime Transition (ERT-VDem)","GTM","Guatemala","GTM","Guatemala"
5,"Episodes of Regime Transition (ERT-VDem)","IRN","Iran","IRN","Iran, Islamic Rep."
5,"Episodes of Regime Transition (ERT-VDem)","IRQ","Iraq","IRQ","Iraq"
5,"Episodes of Regime Transition (ERT-VDem)","IRL","Ireland","IRL","Ireland"
5,"Episodes of Regime Transition (ERT-VDem)","ITA","Italy","ITA","Italy"
5,"Episodes of Regime Transition (ERT-VDem)","JOR","Jordan","JOR","Jordan"
5,"Episodes of Regime Transition (ERT-VDem)","LVA","Latvia","LVA","Latvia"
5,"Episodes of Regime Transition (ERT-VDem)","LSO","Lesotho","LSO","Lesotho"
5,"Episodes of Regime Transition (ERT-VDem)","LBR","Liberia","LBR","Liberia"
5,"Episodes of Regime Transition (ERT-VDem)","MWI","Malawi","MWI","Malawi"
5,"Episodes of Regime Transition (ERT-VDem)","MDV","Maldives","MDV","Maldives"
5,"Episodes of Regime Transition (ERT-VDem)","MNG","Mongolia","MNG","Mongolia"
5,"Episodes of Regime Transition (ERT-VDem)","MAR","Morocco","MAR","Morocco"
5,"Episodes of Regime Transition (ERT-VDem)","NLD","Netherlands","NLD","Netherlands"
5,"Episodes of Regime Transition (ERT-VDem)","PAN","Panama","PAN","Panama"
5,"Episodes of Regime Transition (ERT-VDem)","PNG","Papua New Guinea","PNG","Papua New Guinea"
5,"Episodes of Regime Transition (ERT-VDem)","QAT","Qatar","QAT","Qatar"
5,"Episodes of Regime Transition (ERT-VDem)","SLE","Sierra Leone","SLE","Sierra Leone"
5,"Episodes of Regime Transition (ERT-VDem)","ESP","Spain","ESP","Spain"
5,"Episodes of Regime Transition (ERT-VDem)","SYR","Syria","SYR","Syria"
5,"Episodes of Regime Transition (ERT-VDem)","TUN","Tunisia","TUN","Tunisia"
5,"Episodes of Regime Transition (ERT-VDem)","TUR","Türkiye","TUR","Turkey"
5,"Episodes of Regime Transition (ERT-VDem)","UKR","Ukraine","UKR","Ukraine"
5,"Episodes of Regime Transition (ERT-VDem)","GBR","United Kingdom","GBR","United Kingdom"
5,"Episodes of Regime Transition (ERT-VDem)","URY","Uruguay","URY","Uruguay"
5,"Episodes of Regime Transition (ERT-VDem)","DZA","Algeria","DZA","Algeria"
5,"Episodes of Regime Transition (ERT-VDem)","AGO","Angola","AGO","Angola"
5,"Episodes of Regime Transition (ERT-VDem)","ARM","Armenia","ARM","Armenia"
5,"Episodes of Regime Transition (ERT-VDem)","AZE","Azerbaijan","AZE","Azerbaijan"
5,"Episodes of Regime Transition (ERT-VDem)","BLR","Belarus","BLR","Belarus"
5,"Episodes of Regime Transition (ERT-VDem)","CMR","Cameroon","CMR","Cameroon"
5,"Episodes of Regime Transition (ERT-VDem)","TCD","Chad","TCD","Chad"
5,"Episodes of Regime Transition (ERT-VDem)","CHN","China","CHN","China"
5,"Episodes of Regime Transition (ERT-VDem)","COD","Democratic Republic of the Congo","COD","Congo (Kinshasa)"
5,"Episodes of Regime Transition (ERT-VDem)","COG","Republic of the Congo","COG","Congo - Brazzaville"
5,"Episodes of Regime Transition (ERT-VDem)","DJI","Djibouti","DJI","Djibouti"
5,"Episodes of Regime Transition (ERT-VDem)","DOM","Dominican Republic","DOM","Dominican Republic"
5,"Episodes of Regime Transition (ERT-VDem)","ERI","Eritrea","ERI","Eritrea"
5,"Episodes of Regime Transition (ERT-VDem)","GAB","Gabon","GAB","Gabon"
5,"Episodes of Regime Transition (ERT-VDem)","GMB","The Gambia","GMB","Gambia"
5,"Episodes of Regime Transition (ERT-VDem)","GEO","Georgia","GEO","Georgia"
5,"Episodes of Regime Transition (ERT-VDem)","GNB","Guinea-Bissau","GNB","Guinea-Bissau"
5,"Episodes of Regime Transition (ERT-VDem)","JAM","Jamaica","JAM","Jamaica"
5,"Episodes of Regime Transition (ERT-VDem)","KAZ","Kazakhstan","KAZ","Kazakhstan"
5,"Episodes of Regime Transition (ERT-VDem)","KGZ","Kyrgyzstan","KGZ","Kyrgyz Republic"
5,"Episodes of Regime Transition (ERT-VDem)","LAO","Laos","LAO","Laos"
5,"Episodes of Regime Transition (ERT-VDem)","LBY","Libya","LBY","Libya"
5,"Episodes of Regime Transition (ERT-VDem)","MDG","Madagascar","MDG","Madagascar"
5,"Episodes of Regime Transition (ERT-VDem)","MDA","Moldova","MDA","Moldova"
5,"Episodes of Regime Transition (ERT-VDem)","NAM","Namibia","NAM","Namibia"
5,"Episodes of Regime Transition (ERT-VDem)","PSE","Palestine/West Bank","PSE","West Bank and Gaza"
5,"Episodes of Regime Transition (ERT-VDem)","RWA","Rwanda","RWA","Rwanda"
5,"Episodes of Regime Transition (ERT-VDem)","SOM","Somalia","SOM","Somalia"
5,"Episodes of Regime Transition (ERT-VDem)","LKA","Sri Lanka","LKA","Sri Lanka"
5,"Episodes of Regime Transition (ERT-VDem)","SWZ","Eswatini","SWZ","Eswatini"
5,"Episodes of Regime Transition (ERT-VDem)","TJK","Tajikistan","TJK","Tajikistan"
5,"Episodes of Regime Transition (ERT-VDem)","TGO","Togo","TGO","Togo"
5,"Episodes of Regime Transition (ERT-VDem)","TTO","Trinidad and Tobago","TTO","Trinidad & Tobago"
5,"Episodes of Regime Transition (ERT-VDem)","TKM","Turkmenistan","TKM","Turkmenistan"
5,"Episodes of Regime Transition (ERT-VDem)","SOL","Somaliland","SOL","Somaliland"
5,"Episodes of Regime Transition (ERT-VDem)","UZB","Uzbekistan","UZB","Uzbekistan"
5,"Episodes of Regime Transition (ERT-VDem)","AUT","Austria","AUT","Austria"
5,"Episodes of Regime Transition (ERT-VDem)","BHR","Bahrain","BHR","Bahrain"
5,"Episodes of Regime Transition (ERT-VDem)","BRB","Barbados","BRB","Barbados"
5,"Episodes of Regime Transition (ERT-VDem)","BEL","Belgium","BEL","Belgium"
5,"Episodes of Regime Transition (ERT-VDem)","BIH","Bosnia and Herzegovina","BIH","Bosnia & Herzegovina"
5,"Episodes of Regime Transition (ERT-VDem)","BGR","Bulgaria","BGR","Bulgaria"
5,"Episodes of Regime Transition (ERT-VDem)","COM","Comoros","COM","Comoros"
5,"Episodes of Regime Transition (ERT-VDem)","HRV","Croatia","HRV","Croatia"
5,"Episodes of Regime Transition (ERT-VDem)","CUB","Cuba","CUB","Cuba"
5,"Episodes of Regime Transition (ERT-VDem)","CYP","Cyprus","CYP","Cyprus"
5,"Episodes of Regime Transition (ERT-VDem)","CZE","Czechia","CZE","Czechia"
5,"Episodes of Regime Transition (ERT-VDem)","DNK","Denmark","DNK","Denmark"
5,"Episodes of Regime Transition (ERT-VDem)","GNQ","Equatorial Guinea","GNQ","Equatorial Guinea"
5,"Episodes of Regime Transition (ERT-VDem)","EST","Estonia","EST","Estonia"
5,"Episodes of Regime Transition (ERT-VDem)","FJI","Fiji","FJI","Fiji"
5,"Episodes of Regime Transition (ERT-VDem)","FIN","Finland","FIN","Finland"
5,"Episodes of Regime Transition (ERT-VDem)","GRC","Greece","GRC","Greece"
5,"Episodes of Regime Transition (ERT-VDem)","GUY","Guyana","GUY","Guyana"
5,"Episodes of Regime Transition (ERT-VDem)","HKG","Hong Kong","HKG","Hong Kong SAR China"
5,"Episodes of Regime Transition (ERT-VDem)","ISL","Iceland","ISL","Iceland"
5,"Episodes of Regime Transition (ERT-VDem)","ISR","Israel","ISR","Israel"
5,"Episodes of Regime Transition (ERT-VDem)","KWT","Kuwait","KWT","Kuwait"
5,"Episodes of Regime Transition (ERT-VDem)","LTU","Lithuania","LTU","Lithuania"
5,"Episodes of Regime Transition (ERT-VDem)","LUX","Luxembourg","LUX","Luxembourg"
5,"Episodes of Regime Transition (ERT-VDem)","MKD","North Macedonia","MKD","North Macedonia"
5,"Episodes of Regime Transition (ERT-VDem)","MYS","Malaysia","MYS","Malaysia"
5,"Episodes of Regime Transition (ERT-VDem)","MLT","Malta","MLT","Malta"
5,"Episodes of Regime Transition (ERT-VDem)","MUS","Mauritius","MUS","Mauritius"
5,"Episodes of Regime Transition (ERT-VDem)","MNE","Montenegro","MNE","Montenegro"
5,"Episodes of Regime Transition (ERT-VDem)","NZL","New Zealand","NZL","New Zealand"
5,"Episodes of Regime Transition (ERT-VDem)","NOR","Norway","NOR","Norway"
5,"Episodes of Regime Transition (ERT-VDem)","OMN","Oman","OMN","Oman"
5,"Episodes of Regime Transition (ERT-VDem)","PRY","Paraguay","PRY","Paraguay"
5,"Episodes of Regime Transition (ERT-VDem)","ROU","Romania","ROU","Romania"
5,"Episodes of Regime Transition (ERT-VDem)","STP","Sao Tome and Principe","STP","São Tomé & Príncipe"
5,"Episodes of Regime Transition (ERT-VDem)","SAU","Saudi Arabia","SAU","Saudi Arabia"
5,"Episodes of Regime Transition (ERT-VDem)","SRB","Serbia","SRB","Serbia"
5,"Episodes of Regime Transition (ERT-VDem)","SYC","Seychelles","SYC","Seychelles"
5,"Episodes of Regime Transition (ERT-VDem)","SGP","Singapore","SGP","Singapore"
5,"Episodes of Regime Transition (ERT-VDem)","SVK","Slovakia","SVK","Slovakia"
5,"Episodes of Regime Transition (ERT-VDem)","SVN","Slovenia","SVN","Slovenia"
5,"Episodes of Regime Transition (ERT-VDem)","SLB","Solomon Islands","SLB","Solomon Islands"
5,"Episodes of Regime Transition (ERT-VDem)","VUT","Vanuatu","VUT","Vanuatu"
5,"Episodes of Regime Transition (ERT-VDem)","ARE","United Arab Emirates","ARE","United Arab Emirates"
5,"Episodes of Regime Transition (ERT-VDem)","HUN","Hungary","HUN","Hungary"
5,"Episodes of Regime Transition (ERT-VDem)","ZNZ","Zanzibar","ZNZ","Zanzibar"
6,"GDP per capita","ABW","Aruba","ABW","Aruba"
6,"GDP per capita","AFG","Afghanistan","AFG","Afghanistan"
6,"GDP per capita","AGO","Angola","AGO","Angola"
6,"GDP per capita","ALB","Albania","ALB","Albania"
6,"GDP per capita","AND","Andorra","AND","Andorra"
6,"GDP per capita","ARE","United Arab Emirates","ARE","United Arab Emirates"
6,"GDP per capita","ARG","Argentina","ARG","Argentina"
6,"GDP per capita","ARM","Armenia","ARM","Armenia"
6,"GDP per capita","ASM","American Samoa","ASM","American Samoa"
6,"GDP per capita","ATG","Antigua and Barbuda","ATG","Antigua & Barbuda"
6,"GDP per capita","AUS","Australia","AUS","Australia"
6,"GDP per capita","AUT","Austria","AUT","Austria"
6,"GDP per capita","AZE","Azerbaijan","AZE","Azerbaijan"
6,"GDP per capita","BDI","Burundi","BDI","Burundi"
6,"GDP per capita","BEL","Belgium","BEL","Belgium"
6,"GDP per capita","BEN","Benin","BEN","Benin"
6,"GDP per capita","BFA","Burkina Faso","BFA","Burkina Faso"
6,"GDP per capita","BGD","Bangladesh","BGD","Bangladesh"
6,"GDP per capita","BGR","Bulgaria","BGR","Bulgaria"
6,"GDP per capita","BHR","Bahrain","BHR","Bahrain"
6,"GDP per capita","BHS","Bahamas, The","BHS","Bahamas"
6,"GDP per capita","BIH","Bosnia and Herzegovina","BIH","Bosnia & Herzegovina"
6,"GDP per capita","BLR","Belarus","BLR","Belarus"
6,"GDP per capita","BLZ","Belize","BLZ","Belize"
6,"GDP per capita","BMU","Bermuda","BMU","Bermuda"
6,"GDP per capita","BOL","Bolivia","BOL","Bolivia"
6,"GDP per capita","BRA","Brazil","BRA","Brazil"
6,"GDP per capita","BRB","Barbados","BRB","Barbados"
6,"GDP per capita","BRN","Brunei Darussalam","BRN","Brunei"
6,"GDP per capita","BTN","Bhutan","BTN","Bhutan"
6,"GDP per capita","BWA","Botswana","BWA","Botswana"
6,"GDP per capita","CAF","Central African Republic","CAF","Central African Republic"
6,"GDP per capita","CAN","Canada","CAN","Canada"
6,"GDP per capita","CHE","Switzerland","CHE","Switzerland"
6,"GDP per capita","CHI","Channel Islands","CHI","Channel Islands"
6,"GDP per capita","CHL","Chile","CHL","Chile"
6,"GDP per capita","CHN","China","CHN","China"
6,"GDP per capita","CIV","Cote d'Ivoire","CIV","Côte d’Ivoire"
6,"GDP per capita","CMR","Cameroon","CMR","Cameroon"
6,"GDP per capita","COD","Congo, Dem. Rep.","COD","Congo (Kinshasa)"
6,"GDP per capita","COG","Congo, Rep.","COG","Congo - Brazzaville"
6,"GDP per capita","COL","Colombia","COL","Colombia"
6,"GDP per capita","COM","Comoros","COM","Comoros"
6,"GDP per capita","CPV","Cabo Verde","CPV","Cape Verde"
6,"GDP per capita","CRI","Costa Rica","CRI","Costa Rica"
6,"GDP per capita","CUB","Cuba","CUB","Cuba"
6,"GDP per capita","CUW","Curacao","CUW","Curaçao"
6,"GDP per capita","CYM","Cayman Islands","CYM","Cayman Islands"
6,"GDP per capita","CYP","Cyprus","CYP","Cyprus"
6,"GDP per capita","CZE","Czechia","CZE","Czechia"
6,"GDP per capita","DEU","Germany","DEU","Germany"
6,"GDP per capita","DJI","Djibouti","DJI","Djibouti"
6,"GDP per capita","DMA","Dominica","DMA","Dominica"
6,"GDP per capita","DNK","Denmark","DNK","Denmark"
6,"GDP per capita","DOM","Dominican Republic","DOM","Dominican Republic"
6,"GDP per capita","DZA","Algeria","DZA","Algeria"
6,"GDP per capita","ECU","Ecuador","ECU","Ecuador"
6,"GDP per capita","EGY","Egypt, Arab Rep.","EGY","Egypt"
6,"GDP per capita","ERI","Eritrea","ERI","Eritrea"
6,"GDP per capita","ESP","Spain","ESP","Spain"
6,"GDP per capita","EST","Estonia","EST","Estonia"
6,"GDP per capita","ETH","Ethiopia","ETH","Ethiopia"
6,"GDP per capita","FIN","Finland","FIN","Finland"
6,"GDP per capita","FJI","Fiji","FJI","Fiji"
6,"GDP per capita","FRA","France","FRA","France"
6,"GDP per capita","FRO","Faroe Islands","FRO","Faroe Islands"
6,"GDP per capita","FSM","Micronesia, Fed. Sts.","FSM","Micronesia (Federated States of)"
6,"GDP per capita","GAB","Gabon","GAB","Gabon"
6,"GDP per capita","GBR","United Kingdom","GBR","United Kingdom"
6,"GDP per capita","GEO","Georgia","GEO","Georgia"
6,"GDP per capita","GHA","Ghana","GHA","Ghana"
6,"GDP per capita","GIB","Gibraltar","GIB","Gibraltar"
6,"GDP per capita","GIN","Guinea","GIN","Guinea"
6,"GDP per capita","GMB","Gambia, The","GMB","Gambia"
6,"GDP per capita","GNB","Guinea-Bissau","GNB","Guinea-Bissau"
6,"GDP per capita","GNQ","Equatorial Guinea","GNQ","Equatorial Guinea"
6,"GDP per capita","GRC","Greece","GRC","Greece"
6,"GDP per capita","GRD","Grenada","GRD","Grenada"
6,"GDP per capita","GRL","Greenland","GRL","Greenland"
6,"GDP per capita","GTM","Guatemala","GTM","Guatemala"
6,"GDP per capita","GUM","Guam","GUM","Guam"
6,"GDP per capita","GUY","Guyana","GUY","Guyana"
6,"GDP per capita","HKG","Hong Kong SAR, China","HKG","Hong Kong SAR China"
6,"GDP per capita","HND","Honduras","HND","Honduras"
6,"GDP per capita","HRV","Croatia","HRV","Croatia"
6,"GDP per capita","HTI","Haiti","HTI","Haiti"
6,"GDP per capita","HUN","Hungary","HUN","Hungary"
6,"GDP per capita","IDN","Indonesia","IDN","Indonesia"
6,"GDP per capita","IMN","Isle of Man","IMN","Isle of Man"
6,"GDP per capita","IND","India","IND","India"
6,"GDP per capita","IRL","Ireland","IRL","Ireland"
6,"GDP per capita","IRN","Iran, Islamic Rep.","IRN","Iran, Islamic Rep."
6,"GDP per capita","IRQ","Iraq","IRQ","Iraq"
6,"GDP per capita","ISL","Iceland","ISL","Iceland"
6,"GDP per capita","ISR","Israel","ISR","Israel"
6,"GDP per capita","ITA","Italy","ITA","Italy"
6,"GDP per capita","JAM","Jamaica","JAM","Jamaica"
6,"GDP per capita","JOR","Jordan","JOR","Jordan"
6,"GDP per capita","JPN","Japan","JPN","Japan"
6,"GDP per capita","KAZ","Kazakhstan","KAZ","Kazakhstan"
6,"GDP per capita","KEN","Kenya","KEN","Kenya"
6,"GDP per capita","KGZ","Kyrgyz Republic","KGZ","Kyrgyz Republic"
6,"GDP per capita","KHM","Cambodia","KHM","Cambodia"
6,"GDP per capita","KIR","Kiribati","KIR","Kiribati"
6,"GDP per capita","KNA","St. Kitts and Nevis","KNA","St. Kitts & Nevis"
6,"GDP per capita","KOR","Korea, Rep.","KOR","South Korea"
6,"GDP per capita","KWT","Kuwait","KWT","Kuwait"
6,"GDP per capita","LAO","Lao PDR","LAO","Laos"
6,"GDP per capita","LBN","Lebanon","LBN","Lebanon"
6,"GDP per capita","LBR","Liberia","LBR","Liberia"
6,"GDP per capita","LBY","Libya","LBY","Libya"
6,"GDP per capita","LCA","St. Lucia","LCA","St. Lucia"
6,"GDP per capita","LIE","Liechtenstein","LIE","Liechtenstein"
6,"GDP per capita","LKA","Sri Lanka","LKA","Sri Lanka"
6,"GDP per capita","LSO","Lesotho","LSO","Lesotho"
6,"GDP per capita","LTU","Lithuania","LTU","Lithuania"
6,"GDP per capita","LUX","Luxembourg","LUX","Luxembourg"
6,"GDP per capita","LVA","Latvia","LVA","Latvia"
6,"GDP per capita","MAC","Macao SAR, China","MAC","Macao SAR China"
6,"GDP per capita","MAF","St. Martin (French part)","MAF","Saint Martin (French part)"
6,"GDP per capita","MAR","Morocco","MAR","Morocco"
6,"GDP per capita","MCO","Monaco","MCO","Monaco"
6,"GDP per capita","MDA","Moldova","MDA","Moldova"
6,"GDP per capita","MDG","Madagascar","MDG","Madagascar"
6,"GDP per capita","MDV","Maldives","MDV","Maldives"
6,"GDP per capita","MEX","Mexico","MEX","Mexico"
6,"GDP per capita","MHL","Marshall Islands","MHL","Marshall Islands"
6,"GDP per capita","MKD","North Macedonia","MKD","North Macedonia"
6,"GDP per capita","MLI","Mali","MLI","Mali"
6,"GDP per capita","MLT","Malta","MLT","Malta"
6,"GDP per capita","MMR","Myanmar","MMR","Myanmar (Burma)"
6,"GDP per capita","MNE","Montenegro","MNE","Montenegro"
6,"GDP per capita","MNG","Mongolia","MNG","Mongolia"
6,"GDP per capita","MNP","Northern Mariana Islands","MNP","Northern Mariana Islands"
6,"GDP per capita","MOZ","Mozambique","MOZ","Mozambique"
6,"GDP per capita","MRT","Mauritania","MRT","Mauritania"
6,"GDP per capita","MUS","Mauritius","MUS","Mauritius"
6,"GDP per capita","MWI","Malawi","MWI","Malawi"
6,"GDP per capita","MYS","Malaysia","MYS","Malaysia"
6,"GDP per capita","NAM","Namibia","NAM","Namibia"
6,"GDP per capita","NCL","New Caledonia","NCL","New Caledonia"
6,"GDP per capita","NER","Niger","NER","Niger"
6,"GDP per capita","NGA","Nigeria","NGA","Nigeria"
6,"GDP per capita","NIC","Nicaragua","NIC","Nicaragua"
6,"GDP per capita","NLD","Netherlands","NLD","Netherlands"
6,"GDP per capita","NOR","Norway","NOR","Norway"
6,"GDP per capita","NPL","Nepal","NPL","Nepal"
6,"GDP per capita","NRU","Nauru","NRU","Nauru"
6,"GDP per capita","NZL","New Zealand","NZL","New Zealand"
6,"GDP per capita","OMN","Oman","OMN","Oman"
6,"GDP per capita","PAK","Pakistan","PAK","Pakistan"
6,"GDP per capita","PAN","Panama","PAN","Panama"
6,"GDP per capita","PER","Peru","PER","Peru"
6,"GDP per capita","PHL","Philippines","PHL","Philippines"
6,"GDP per capita","PLW","Palau","PLW","Palau"
6,"GDP per capita","PNG","Papua New Guinea","PNG","Papua New Guinea"
6,"GDP per capita","POL","Poland","POL","Poland"
6,"GDP per capita","PRI","Puerto Rico","PRI","Puerto Rico"
6,"GDP per capita","PRK","Korea, Dem. People's Rep.","PRK","North Korea"
6,"GDP per capita","PRT","Portugal","PRT","Portugal"
6,"GDP per capita","PRY","Paraguay","PRY","Paraguay"
6,"GDP per capita","PSE","West Bank and Gaza","PSE","West Bank and Gaza"
6,"GDP per capita","PYF","French Polynesia","PYF","French Polynesia"
6,"GDP per capita","QAT","Qatar","QAT","Qatar"
6,"GDP per capita","ROU","Romania","ROU","Romania"
6,"GDP per capita","RUS","Russian Federation","RUS","Russia"
6,"GDP per capita","RWA","Rwanda","RWA","Rwanda"
6,"GDP per capita","SAU","Saudi Arabia","SAU","Saudi Arabia"
6,"GDP per capita","SDN","Sudan","SDN","Sudan"
6,"GDP per capita","SEN","Senegal","SEN","Senegal"
6,"GDP per capita","SGP","Singapore","SGP","Singapore"
6,"GDP per capita","SLB","Solomon Islands","SLB","Solomon Islands"
6,"GDP per capita","SLE","Sierra Leone","SLE","Sierra Leone"
6,"GDP per capita","SLV","El Salvador","SLV","El Salvador"
6,"GDP per capita","SMR","San Marino","SMR","San Marino"
6,"GDP per capita","SOM","Somalia","SOM","Somalia"
6,"GDP per capita","SRB","Serbia","SRB","Serbia"
6,"GDP per capita","SSD","South Sudan","SSD","South Sudan"
6,"GDP per capita","STP","Sao Tome and Principe","STP","São Tomé & Príncipe"
6,"GDP per capita","SUR","Suriname","SUR","Suriname"
6,"GDP per capita","SVK","Slovak Republic","SVK","Slovakia"
6,"GDP per capita","SVN","Slovenia","SVN","Slovenia"
6,"GDP per capita","SWE","Sweden","SWE","Sweden"
6,"GDP per capita","SWZ","Eswatini","SWZ","Eswatini"
6,"GDP per capita","SXM","Sint Maarten (Dutch part)","SXM","Sint Maarten"
6,"GDP per capita","SYC","Seychelles","SYC","Seychelles"
6,"GDP per capita","SYR","Syrian Arab Republic","SYR","Syria"
6,"GDP per capita","TCA","Turks and Caicos Islands","TCA","Turks & Caicos Islands"
6,"GDP per capita","TCD","Chad","TCD","Chad"
6,"GDP per capita","TGO","Togo","TGO","Togo"
6,"GDP per capita","THA","Thailand","THA","Thailand"
6,"GDP per capita","TJK","Tajikistan","TJK","Tajikistan"
6,"GDP per capita","TKM","Turkmenistan","TKM","Turkmenistan"
6,"GDP per capita","TLS","Timor-Leste","TLS","Timor-Leste"
6,"GDP per capita","TON","Tonga","TON","Tonga"
6,"GDP per capita","TTO","Trinidad and Tobago","TTO","Trinidad & Tobago"
6,"GDP per capita","TUN","Tunisia","TUN","Tunisia"
6,"GDP per capita","TUR","Turkiye","TUR","Turkey"
6,"GDP per capita","TUV","Tuvalu","TUV","Tuvalu"
6,"GDP per capita","TZA","Tanzania","TZA","Tanzania"
6,"GDP per capita","UGA","Uganda","UGA","Uganda"
6,"GDP per capita","UKR","Ukraine","UKR","Ukraine"
6,"GDP per capita","URY","Uruguay","URY","Uruguay"
6,"GDP per capita","USA","United States","USA","United States"
6,"GDP per capita","UZB","Uzbekistan","UZB","Uzbekistan"
6,"GDP per capita","VCT","St. Vincent and the Grenadines","VCT","St. Vincent & Grenadines"
6,"GDP per capita","VEN","Venezuela, RB","VEN","Venezuela"
6,"GDP per capita","VGB","British Virgin Islands","VGB","British Virgin Islands"
6,"GDP per capita","VIR","Virgin Islands (U.S.)","VIR","U.S. Virgin Islands"
6,"GDP per capita","VNM","Viet Nam","VNM","Vietnam"
6,"GDP per capita","VUT","Vanuatu","VUT","Vanuatu"
6,"GDP per capita","WSM","Samoa","WSM","Samoa"
6,"GDP per capita","XKX","Kosovo","XKX","Kosovo"
6,"GDP per capita","YEM","Yemen, Rep.","YEM","Yemen"
6,"GDP per capita","ZAF","South Africa","ZAF","South Africa"
6,"GDP per capita","ZMB","Zambia","ZMB","Zambia"
6,"GDP per capita","ZWE","Zimbabwe","ZWE","Zimbabwe"
7,"Information Capacity","AFG","Afghanistan","AFG","Afghanistan"
7,"Information Capacity","ARG","Argentina","ARG","Argentina"
7,"Information Capacity","AUS","Australia","AUS","Australia"
7,"Information Capacity","AUT","Austria","AUT","Austria"
7,"Information Capacity","BEL","Belgium","BEL","Belgium"
7,"Information Capacity","BOL","Bolivia","BOL","Bolivia"
7,"Information Capacity","BRA","Brazil","BRA","Brazil"
7,"Information Capacity","UZB","Bukhara/Uzbekistan","UZB","Uzbekistan"
7,"Information Capacity","BGR","Bulgaria","BGR","Bulgaria"
7,"Information Capacity","CAN","Canada","CAN","Canada"
7,"Information Capacity","CHL","Chile","CHL","Chile"
7,"Information Capacity","CHN","China","CHN","China"
7,"Information Capacity","COL","Colombia","COL","Colombia"
7,"Information Capacity","CRI","Costa Rica","CRI","Costa Rica"
7,"Information Capacity","CUB","Cuba","CUB","Cuba"
7,"Information Capacity","DNK","Denmark","DNK","Denmark"
7,"Information Capacity","DOM","Dominican Republic","DOM","Dominican Republic"
7,"Information Capacity","ECU","Ecuador","ECU","Ecuador"
7,"Information Capacity","EGY","Egypt","EGY","Egypt"
7,"Information Capacity","SLV","El Salvador","SLV","El Salvador"
7,"Information Capacity","ETH","Ethiopia","ETH","Ethiopia"
7,"Information Capacity","FIN","Finland","FIN","Finland"
7,"Information Capacity","FRA","France","FRA","France"
7,"Information Capacity","DEU","Germany","DEU","Germany"
7,"Information Capacity","GRC","Greece","GRC","Greece"
7,"Information Capacity","GTM","Guatemala","GTM","Guatemala"
7,"Information Capacity","HTI","Haiti","HTI","Haiti"
7,"Information Capacity","HND","Honduras","HND","Honduras"
7,"Information Capacity","HUN","Hungary","HUN","Hungary"
7,"Information Capacity","IND","India","IND","India"
7,"Information Capacity","IDN","Indonesia","IDN","Indonesia"
7,"Information Capacity","IRN","Iran","IRN","Iran, Islamic Rep."
7,"Information Capacity","ITA","Italy","ITA","Italy"
7,"Information Capacity","JPN","Japan","JPN","Japan"
7,"Information Capacity","KOR","Korea/South Korea","KOR","South Korea"
7,"Information Capacity","LBR","Liberia","LBR","Liberia"
7,"Information Capacity","MDG","Madagascar","MDG","Madagascar"
7,"Information Capacity","MEX","Mexico","MEX","Mexico"
7,"Information Capacity","MNE","Montenegro","MNE","Montenegro"
7,"Information Capacity","MAR","Morocco","MAR","Morocco"
7,"Information Capacity","MMR","Myanmar","MMR","Myanmar (Burma)"
7,"Information Capacity","SAU","Nejd/Saudi Arabia","SAU","Saudi Arabia"
7,"Information Capacity","NPL","Nepal","NPL","Nepal"
7,"Information Capacity","NLD","Netherlands","NLD","Netherlands"
7,"Information Capacity","NZL","New Zealand","NZL","New Zealand"
7,"Information Capacity","NIC","Nicaragua","NIC","Nicaragua"
7,"Information Capacity","NOR","Norway","NOR","Norway"
7,"Information Capacity","PRY","Paraguay","PRY","Paraguay"
7,"Information Capacity","PER","Peru","PER","Peru"
7,"Information Capacity","POL","Poland","POL","Poland"
7,"Information Capacity","PRT","Portugal","PRT","Portugal"
7,"Information Capacity","ROU","Romania","ROU","Romania"
7,"Information Capacity","RUS","Russia","RUS","Russia"
7,"Information Capacity","SRB","Serbia/Yugoslavia","SRB","Serbia"
7,"Information Capacity","ESP","Spain","ESP","Spain"
7,"Information Capacity","SWE","Sweden","SWE","Sweden"
7,"Information Capacity","CHE","Switzerland","CHE","Switzerland"
7,"Information Capacity","THA","Thailand","THA","Thailand"
7,"Information Capacity","LBY","Tripolitania/Libya","LBY","Libya"
7,"Information Capacity","TUN","Tunisia","TUN","Tunisia"
7,"Information Capacity","TUR","Turkey","TUR","Turkey"
7,"Information Capacity","GBR","United Kingdom","GBR","United Kingdom"
7,"Information Capacity","USA","United States","USA","United States"
7,"Information Capacity","URY","Uruguay","URY","Uruguay"
7,"Information Capacity","VEN","Venezuela","VEN","Venezuela"
7,"Information Capacity","VNM","Vietnam","VNM","Vietnam"
7,"Information Capacity","YEM","Yemen","YEM","Yemen"
9,"Access to Electricity","AFG","Afghanistan","AFG","Afghanistan"
9,"Access to Electricity","ALB","Albania","ALB","Albania"
9,"Access to Electricity","DZA","Algeria","DZA","Algeria"
9,"Access to Electricity","ASM","American Samoa","ASM","American Samoa"
9,"Access to Electricity","AND","Andorra","AND","Andorra"
9,"Access to Electricity","AGO","Angola","AGO","Angola"
9,"Access to Electricity","ATG","Antigua and Barbuda","ATG","Antigua & Barbuda"
9,"Access to Electricity","ARG","Argentina","ARG","Argentina"
9,"Access to Electricity","ARM","Armenia","ARM","Armenia"
9,"Access to Electricity","ABW","Aruba","ABW","Aruba"
9,"Access to Electricity","AUS","Australia","AUS","Australia"
9,"Access to Electricity","AUT","Austria","AUT","Austria"
9,"Access to Electricity","AZE","Azerbaijan","AZE","Azerbaijan"
9,"Access to Electricity","BHS","Bahamas, The","BHS","Bahamas"
9,"Access to Electricity","BHR","Bahrain","BHR","Bahrain"
9,"Access to Electricity","BGD","Bangladesh","BGD","Bangladesh"
9,"Access to Electricity","BRB","Barbados","BRB","Barbados"
9,"Access to Electricity","BLR","Belarus","BLR","Belarus"
9,"Access to Electricity","BEL","Belgium","BEL","Belgium"
9,"Access to Electricity","BLZ","Belize","BLZ","Belize"
9,"Access to Electricity","BEN","Benin","BEN","Benin"
9,"Access to Electricity","BMU","Bermuda","BMU","Bermuda"
9,"Access to Electricity","BTN","Bhutan","BTN","Bhutan"
9,"Access to Electricity","BOL","Bolivia","BOL","Bolivia"
9,"Access to Electricity","BIH","Bosnia and Herzegovina","BIH","Bosnia & Herzegovina"
9,"Access to Electricity","BWA","Botswana","BWA","Botswana"
9,"Access to Electricity","BRA","Brazil","BRA","Brazil"
9,"Access to Electricity","VGB","British Virgin Islands","VGB","British Virgin Islands"
9,"Access to Electricity","BRN","Brunei Darussalam","BRN","Brunei"
9,"Access to Electricity","BGR","Bulgaria","BGR","Bulgaria"
9,"Access to Electricity","BFA","Burkina Faso","BFA","Burkina Faso"
9,"Access to Electricity","BDI","Burundi","BDI","Burundi"
9,"Access to Electricity","CPV","Cabo Verde","CPV","Cape Verde"
9,"Access to Electricity","KHM","Cambodia","KHM","Cambodia"
9,"Access to Electricity","CMR","Cameroon","CMR","Cameroon"
9,"Access to Electricity","CAN","Canada","CAN","Canada"
9,"Access to Electricity","CYM","Cayman Islands","CYM","Cayman Islands"
9,"Access to Electricity","CAF","Central African Republic","CAF","Central African Republic"
9,"Access to Electricity","TCD","Chad","TCD","Chad"
9,"Access to Electricity","CHI","Channel Islands","CHI","Channel Islands"
9,"Access to Electricity","CHL","Chile","CHL","Chile"
9,"Access to Electricity","CHN","China","CHN","China"
9,"Access to Electricity","COL","Colombia","COL","Colombia"
9,"Access to Electricity","COM","Comoros","COM","Comoros"
9,"Access to Electricity","COD","Congo, Dem. Rep.","COD","Congo (Kinshasa)"
9,"Access to Electricity","COG","Congo, Rep.","COG","Congo - Brazzaville"
9,"Access to Electricity","CRI","Costa Rica","CRI","Costa Rica"
9,"Access to Electricity","CIV","Cote d'Ivoire","CIV","Côte d’Ivoire"
9,"Access to Electricity","HRV","Croatia","HRV","Croatia"
9,"Access to Electricity","CUB","Cuba","CUB","Cuba"
9,"Access to Electricity","CUW","Curacao","CUW","Curaçao"
9,"Access to Electricity","CYP","Cyprus","CYP","Cyprus"
9,"Access to Electricity","CZE","Czechia","CZE","Czechia"
9,"Access to Electricity","DNK","Denmark","DNK","Denmark"
9,"Access to Electricity","DJI","Djibouti","DJI","Djibouti"
9,"Access to Electricity","DMA","Dominica","DMA","Dominica"
9,"Access to Electricity","DOM","Dominican Republic","DOM","Dominican Republic"
9,"Access to Electricity","ECU","Ecuador","ECU","Ecuador"
9,"Access to Electricity","EGY","Egypt, Arab Rep.","EGY","Egypt"
9,"Access to Electricity","SLV","El Salvador","SLV","El Salvador"
9,"Access to Electricity","GNQ","Equatorial Guinea","GNQ","Equatorial Guinea"
9,"Access to Electricity","ERI","Eritrea","ERI","Eritrea"
9,"Access to Electricity","EST","Estonia","EST","Estonia"
9,"Access to Electricity","SWZ","Eswatini","SWZ","Eswatini"
9,"Access to Electricity","ETH","Ethiopia","ETH","Ethiopia"
9,"Access to Electricity","FRO","Faroe Islands","FRO","Faroe Islands"
9,"Access to Electricity","FJI","Fiji","FJI","Fiji"
9,"Access to Electricity","FIN","Finland","FIN","Finland"
9,"Access to Electricity","FRA","France","FRA","France"
9,"Access to Electricity","PYF","French Polynesia","PYF","French Polynesia"
9,"Access to Electricity","GAB","Gabon","GAB","Gabon"
9,"Access to Electricity","GMB","Gambia, The","GMB","Gambia"
9,"Access to Electricity","GEO","Georgia","GEO","Georgia"
9,"Access to Electricity","DEU","Germany","DEU","Germany"
9,"Access to Electricity","GHA","Ghana","GHA","Ghana"
9,"Access to Electricity","GIB","Gibraltar","GIB","Gibraltar"
9,"Access to Electricity","GRC","Greece","GRC","Greece"
9,"Access to Electricity","GRL","Greenland","GRL","Greenland"
9,"Access to Electricity","GRD","Grenada","GRD","Grenada"
9,"Access to Electricity","GUM","Guam","GUM","Guam"
9,"Access to Electricity","GTM","Guatemala","GTM","Guatemala"
9,"Access to Electricity","GIN","Guinea","GIN","Guinea"
9,"Access to Electricity","GNB","Guinea-Bissau","GNB","Guinea-Bissau"
9,"Access to Electricity","GUY","Guyana","GUY","Guyana"
9,"Access to Electricity","HTI","Haiti","HTI","Haiti"
9,"Access to Electricity","HND","Honduras","HND","Honduras"
9,"Access to Electricity","HKG","Hong Kong SAR, China","HKG","Hong Kong SAR China"
9,"Access to Electricity","HUN","Hungary","HUN","Hungary"
9,"Access to Electricity","ISL","Iceland","ISL","Iceland"
9,"Access to Electricity","IND","India","IND","India"
9,"Access to Electricity","IDN","Indonesia","IDN","Indonesia"
9,"Access to Electricity","IRN","Iran, Islamic Rep.","IRN","Iran, Islamic Rep."
9,"Access to Electricity","IRQ","Iraq","IRQ","Iraq"
9,"Access to Electricity","IRL","Ireland","IRL","Ireland"
9,"Access to Electricity","IMN","Isle of Man","IMN","Isle of Man"
9,"Access to Electricity","ISR","Israel","ISR","Israel"
9,"Access to Electricity","ITA","Italy","ITA","Italy"
9,"Access to Electricity","JAM","Jamaica","JAM","Jamaica"
9,"Access to Electricity","JPN","Japan","JPN","Japan"
9,"Access to Electricity","JOR","Jordan","JOR","Jordan"
9,"Access to Electricity","KAZ","Kazakhstan","KAZ","Kazakhstan"
9,"Access to Electricity","KEN","Kenya","KEN","Kenya"
9,"Access to Electricity","KIR","Kiribati","KIR","Kiribati"
9,"Access to Electricity","PRK","Korea, Dem. People's Rep.","PRK","North Korea"
9,"Access to Electricity","KOR","Korea, Rep.","KOR","South Korea"
9,"Access to Electricity","XKX","Kosovo","XKX","Kosovo"
9,"Access to Electricity","KWT","Kuwait","KWT","Kuwait"
9,"Access to Electricity","KGZ","Kyrgyz Republic","KGZ","Kyrgyz Republic"
9,"Access to Electricity","LAO","Lao PDR","LAO","Laos"
9,"Access to Electricity","LVA","Latvia","LVA","Latvia"
9,"Access to Electricity","LBN","Lebanon","LBN","Lebanon"
9,"Access to Electricity","LSO","Lesotho","LSO","Lesotho"
9,"Access to Electricity","LBR","Liberia","LBR","Liberia"
9,"Access to Electricity","LBY","Libya","LBY","Libya"
9,"Access to Electricity","LIE","Liechtenstein","LIE","Liechtenstein"
9,"Access to Electricity","LTU","Lithuania","LTU","Lithuania"
9,"Access to Electricity","LUX","Luxembourg","LUX","Luxembourg"
9,"Access to Electricity","MAC","Macao SAR, China","MAC","Macao SAR China"
9,"Access to Electricity","MDG","Madagascar","MDG","Madagascar"
9,"Access to Electricity","MWI","Malawi","MWI","Malawi"
9,"Access to Electricity","MYS","Malaysia","MYS","Malaysia"
9,"Access to Electricity","MDV","Maldives","MDV","Maldives"
9,"Access to Electricity","MLI","Mali","MLI","Mali"
9,"Access to Electricity","MLT","Malta","MLT","Malta"
9,"Access to Electricity","MHL","Marshall Islands","MHL","Marshall Islands"
9,"Access to Electricity","MRT","Mauritania","MRT","Mauritania"
9,"Access to Electricity","MUS","Mauritius","MUS","Mauritius"
9,"Access to Electricity","MEX","Mexico","MEX","Mexico"
9,"Access to Electricity","FSM","Micronesia, Fed. Sts.","FSM","Micronesia (Federated States of)"
9,"Access to Electricity","MDA","Moldova","MDA","Moldova"
9,"Access to Electricity","MCO","Monaco","MCO","Monaco"
9,"Access to Electricity","MNG","Mongolia","MNG","Mongolia"
9,"Access to Electricity","MNE","Montenegro","MNE","Montenegro"
9,"Access to Electricity","MAR","Morocco","MAR","Morocco"
9,"Access to Electricity","MOZ","Mozambique","MOZ","Mozambique"
9,"Access to Electricity","MMR","Myanmar","MMR","Myanmar (Burma)"
9,"Access to Electricity","NAM","Namibia","NAM","Namibia"
9,"Access to Electricity","NRU","Nauru","NRU","Nauru"
9,"Access to Electricity","NPL","Nepal","NPL","Nepal"
9,"Access to Electricity","NLD","Netherlands","NLD","Netherlands"
9,"Access to Electricity","NCL","New Caledonia","NCL","New Caledonia"
9,"Access to Electricity","NZL","New Zealand","NZL","New Zealand"
9,"Access to Electricity","NIC","Nicaragua","NIC","Nicaragua"
9,"Access to Electricity","NER","Niger","NER","Niger"
9,"Access to Electricity","NGA","Nigeria","NGA","Nigeria"
9,"Access to Electricity","MKD","North Macedonia","MKD","North Macedonia"
9,"Access to Electricity","MNP","Northern Mariana Islands","MNP","Northern Mariana Islands"
9,"Access to Electricity","NOR","Norway","NOR","Norway"
9,"Access to Electricity","OMN","Oman","OMN","Oman"
9,"Access to Electricity","PAK","Pakistan","PAK","Pakistan"
9,"Access to Electricity","PLW","Palau","PLW","Palau"
9,"Access to Electricity","PAN","Panama","PAN","Panama"
9,"Access to Electricity","PNG","Papua New Guinea","PNG","Papua New Guinea"
9,"Access to Electricity","PRY","Paraguay","PRY","Paraguay"
9,"Access to Electricity","PER","Peru","PER","Peru"
9,"Access to Electricity","PHL","Philippines","PHL","Philippines"
9,"Access to Electricity","POL","Poland","POL","Poland"
9,"Access to Electricity","PRT","Portugal","PRT","Portugal"
9,"Access to Electricity","PRI","Puerto Rico (US)","PRI","Puerto Rico"
9,"Access to Electricity","QAT","Qatar","QAT","Qatar"
9,"Access to Electricity","ROU","Romania","ROU","Romania"
9,"Access to Electricity","RUS","Russian Federation","RUS","Russia"
9,"Access to Electricity","RWA","Rwanda","RWA","Rwanda"
9,"Access to Electricity","WSM","Samoa","WSM","Samoa"
9,"Access to Electricity","SMR","San Marino","SMR","San Marino"
9,"Access to Electricity","STP","Sao Tome and Principe","STP","São Tomé & Príncipe"
9,"Access to Electricity","SAU","Saudi Arabia","SAU","Saudi Arabia"
9,"Access to Electricity","SEN","Senegal","SEN","Senegal"
9,"Access to Electricity","SRB","Serbia","SRB","Serbia"
9,"Access to Electricity","SYC","Seychelles","SYC","Seychelles"
9,"Access to Electricity","SLE","Sierra Leone","SLE","Sierra Leone"
9,"Access to Electricity","SGP","Singapore","SGP","Singapore"
9,"Access to Electricity","SXM","Sint Maarten (Dutch part)","SXM","Sint Maarten"
9,"Access to Electricity","SVK","Slovak Republic","SVK","Slovakia"
9,"Access to Electricity","SVN","Slovenia","SVN","Slovenia"
9,"Access to Electricity","SLB","Solomon Islands","SLB","Solomon Islands"
9,"Access to Electricity","SOM","Somalia, Fed. Rep.","SOM","Somalia"
9,"Access to Electricity","ZAF","South Africa","ZAF","South Africa"
9,"Access to Electricity","SSD","South Sudan","SSD","South Sudan"
9,"Access to Electricity","ESP","Spain","ESP","Spain"
9,"Access to Electricity","LKA","Sri Lanka","LKA","Sri Lanka"
9,"Access to Electricity","KNA","St. Kitts and Nevis","KNA","St. Kitts & Nevis"
9,"Access to Electricity","LCA","St. Lucia","LCA","St. Lucia"
9,"Access to Electricity","MAF","St. Martin (French part)","MAF","Saint Martin (French part)"
9,"Access to Electricity","VCT","St. Vincent and the Grenadines","VCT","St. Vincent & Grenadines"
9,"Access to Electricity","SDN","Sudan","SDN","Sudan"
9,"Access to Electricity","SUR","Suriname","SUR","Suriname"
9,"Access to Electricity","SWE","Sweden","SWE","Sweden"
9,"Access to Electricity","CHE","Switzerland","CHE","Switzerland"
9,"Access to Electricity","SYR","Syrian Arab Republic","SYR","Syria"
9,"Access to Electricity","TJK","Tajikistan","TJK","Tajikistan"
9,"Access to Electricity","TZA","Tanzania","TZA","Tanzania"
9,"Access to Electricity","THA","Thailand","THA","Thailand"
9,"Access to Electricity","TLS","Timor-Leste","TLS","Timor-Leste"
9,"Access to Electricity","TGO","Togo","TGO","Togo"
9,"Access to Electricity","TON","Tonga","TON","Tonga"
9,"Access to Electricity","TTO","Trinidad and Tobago","TTO","Trinidad & Tobago"
9,"Access to Electricity","TUN","Tunisia","TUN","Tunisia"
9,"Access to Electricity","TUR","Turkiye","TUR","Turkey"
9,"Access to Electricity","TKM","Turkmenistan","TKM","Turkmenistan"
9,"Access to Electricity","TCA","Turks and Caicos Islands","TCA","Turks & Caicos Islands"
9,"Access to Electricity","TUV","Tuvalu","TUV","Tuvalu"
9,"Access to Electricity","UGA","Uganda","UGA","Uganda"
9,"Access to Electricity","UKR","Ukraine","UKR","Ukraine"
9,"Access to Electricity","ARE","United Arab Emirates","ARE","United Arab Emirates"
9,"Access to Electricity","GBR","United Kingdom","GBR","United Kingdom"
9,"Access to Electricity","USA","United States","USA","United States"
9,"Access to Electricity","URY","Uruguay","URY","Uruguay"
9,"Access to Electricity","UZB","Uzbekistan","UZB","Uzbekistan"
9,"Access to Electricity","VUT","Vanuatu","VUT","Vanuatu"
9,"Access to Electricity","VEN","Venezuela, RB","VEN","Venezuela"
9,"Access to Electricity","VNM","Viet Nam","VNM","Vietnam"
9,"Access to Electricity","VIR","Virgin Islands (U.S.)","VIR","U.S. Virgin Islands"
9,"Access to Electricity","PSE","West Bank and Gaza","PSE","West Bank and Gaza"
9,"Access to Electricity","YEM","Yemen, Rep.","YEM","Yemen"
9,"Access to Electricity","ZMB","Zambia","ZMB","Zambia"
9,"Access to Electricity","ZWE","Zimbabwe","ZWE","Zimbabwe"
10,"Rural Population %","AFG","Afghanistan","AFG","Afghanistan"
10,"Rural Population %","ALB","Albania","ALB","Albania"
10,"Rural Population %","DZA","Algeria","DZA","Algeria"
10,"Rural Population %","ASM","American Samoa","ASM","American Samoa"
10,"Rural Population %","AND","Andorra","AND","Andorra"
10,"Rural Population %","AGO","Angola","AGO","Angola"
10,"Rural Population %","ATG","Antigua and Barbuda","ATG","Antigua & Barbuda"
10,"Rural Population %","ARG","Argentina","ARG","Argentina"
10,"Rural Population %","ARM","Armenia","ARM","Armenia"
10,"Rural Population %","ABW","Aruba","ABW","Aruba"
10,"Rural Population %","AUS","Australia","AUS","Australia"
10,"Rural Population %","AUT","Austria","AUT","Austria"
10,"Rural Population %","AZE","Azerbaijan","AZE","Azerbaijan"
10,"Rural Population %","BHS","Bahamas, The","BHS","Bahamas"
10,"Rural Population %","BHR","Bahrain","BHR","Bahrain"
10,"Rural Population %","BGD","Bangladesh","BGD","Bangladesh"
10,"Rural Population %","BRB","Barbados","BRB","Barbados"
10,"Rural Population %","BLR","Belarus","BLR","Belarus"
10,"Rural Population %","BEL","Belgium","BEL","Belgium"
10,"Rural Population %","BLZ","Belize","BLZ","Belize"
10,"Rural Population %","BEN","Benin","BEN","Benin"
10,"Rural Population %","BMU","Bermuda","BMU","Bermuda"
10,"Rural Population %","BTN","Bhutan","BTN","Bhutan"
10,"Rural Population %","BOL","Bolivia","BOL","Bolivia"
10,"Rural Population %","BIH","Bosnia and Herzegovina","BIH","Bosnia & Herzegovina"
10,"Rural Population %","BWA","Botswana","BWA","Botswana"
10,"Rural Population %","BRA","Brazil","BRA","Brazil"
10,"Rural Population %","VGB","British Virgin Islands","VGB","British Virgin Islands"
10,"Rural Population %","BRN","Brunei Darussalam","BRN","Brunei"
10,"Rural Population %","BGR","Bulgaria","BGR","Bulgaria"
10,"Rural Population %","BFA","Burkina Faso","BFA","Burkina Faso"
10,"Rural Population %","BDI","Burundi","BDI","Burundi"
10,"Rural Population %","CPV","Cabo Verde","CPV","Cape Verde"
10,"Rural Population %","KHM","Cambodia","KHM","Cambodia"
10,"Rural Population %","CMR","Cameroon","CMR","Cameroon"
10,"Rural Population %","CAN","Canada","CAN","Canada"
10,"Rural Population %","CYM","Cayman Islands","CYM","Cayman Islands"
10,"Rural Population %","CAF","Central African Republic","CAF","Central African Republic"
10,"Rural Population %","TCD","Chad","TCD","Chad"
10,"Rural Population %","CHI","Channel Islands","CHI","Channel Islands"
10,"Rural Population %","CHL","Chile","CHL","Chile"
10,"Rural Population %","CHN","China","CHN","China"
10,"Rural Population %","COL","Colombia","COL","Colombia"
10,"Rural Population %","COM","Comoros","COM","Comoros"
10,"Rural Population %","COD","Congo, Dem. Rep.","COD","Congo (Kinshasa)"
10,"Rural Population %","COG","Congo, Rep.","COG","Congo - Brazzaville"
10,"Rural Population %","CRI","Costa Rica","CRI","Costa Rica"
10,"Rural Population %","CIV","Cote d'Ivoire","CIV","Côte d’Ivoire"
10,"Rural Population %","HRV","Croatia","HRV","Croatia"
10,"Rural Population %","CUB","Cuba","CUB","Cuba"
10,"Rural Population %","CUW","Curacao","CUW","Curaçao"
10,"Rural Population %","CYP","Cyprus","CYP","Cyprus"
10,"Rural Population %","CZE","Czechia","CZE","Czechia"
10,"Rural Population %","DNK","Denmark","DNK","Denmark"
10,"Rural Population %","DJI","Djibouti","DJI","Djibouti"
10,"Rural Population %","DMA","Dominica","DMA","Dominica"
10,"Rural Population %","DOM","Dominican Republic","DOM","Dominican Republic"
10,"Rural Population %","ECU","Ecuador","ECU","Ecuador"
10,"Rural Population %","EGY","Egypt, Arab Rep.","EGY","Egypt"
10,"Rural Population %","SLV","El Salvador","SLV","El Salvador"
10,"Rural Population %","GNQ","Equatorial Guinea","GNQ","Equatorial Guinea"
10,"Rural Population %","ERI","Eritrea","ERI","Eritrea"
10,"Rural Population %","EST","Estonia","EST","Estonia"
10,"Rural Population %","SWZ","Eswatini","SWZ","Eswatini"
10,"Rural Population %","ETH","Ethiopia","ETH","Ethiopia"
10,"Rural Population %","FRO","Faroe Islands","FRO","Faroe Islands"
10,"Rural Population %","FJI","Fiji","FJI","Fiji"
10,"Rural Population %","FIN","Finland","FIN","Finland"
10,"Rural Population %","FRA","France","FRA","France"
10,"Rural Population %","PYF","French Polynesia","PYF","French Polynesia"
10,"Rural Population %","GAB","Gabon","GAB","Gabon"
10,"Rural Population %","GMB","Gambia, The","GMB","Gambia"
10,"Rural Population %","GEO","Georgia","GEO","Georgia"
10,"Rural Population %","DEU","Germany","DEU","Germany"
10,"Rural Population %","GHA","Ghana","GHA","Ghana"
10,"Rural Population %","GIB","Gibraltar","GIB","Gibraltar"
10,"Rural Population %","GRC","Greece","GRC","Greece"
10,"Rural Population %","GRL","Greenland","GRL","Greenland"
10,"Rural Population %","GRD","Grenada","GRD","Grenada"
10,"Rural Population %","GUM","Guam","GUM","Guam"
10,"Rural Population %","GTM","Guatemala","GTM","Guatemala"
10,"Rural Population %","GIN","Guinea","GIN","Guinea"
10,"Rural Population %","GNB","Guinea-Bissau","GNB","Guinea-Bissau"
10,"Rural Population %","GUY","Guyana","GUY","Guyana"
10,"Rural Population %","HTI","Haiti","HTI","Haiti"
10,"Rural Population %","HND","Honduras","HND","Honduras"
10,"Rural Population %","HKG","Hong Kong SAR, China","HKG","Hong Kong SAR China"
10,"Rural Population %","HUN","Hungary","HUN","Hungary"
10,"Rural Population %","ISL","Iceland","ISL","Iceland"
10,"Rural Population %","IND","India","IND","India"
10,"Rural Population %","IDN","Indonesia","IDN","Indonesia"
10,"Rural Population %","IRN","Iran, Islamic Rep.","IRN","Iran, Islamic Rep."
10,"Rural Population %","IRQ","Iraq","IRQ","Iraq"
10,"Rural Population %","IRL","Ireland","IRL","Ireland"
10,"Rural Population %","IMN","Isle of Man","IMN","Isle of Man"
10,"Rural Population %","ISR","Israel","ISR","Israel"
10,"Rural Population %","ITA","Italy","ITA","Italy"
10,"Rural Population %","JAM","Jamaica","JAM","Jamaica"
10,"Rural Population %","JPN","Japan","JPN","Japan"
10,"Rural Population %","JOR","Jordan","JOR","Jordan"
10,"Rural Population %","KAZ","Kazakhstan","KAZ","Kazakhstan"
10,"Rural Population %","KEN","Kenya","KEN","Kenya"
10,"Rural Population %","KIR","Kiribati","KIR","Kiribati"
10,"Rural Population %","PRK","Korea, Dem. People's Rep.","PRK","North Korea"
10,"Rural Population %","KOR","Korea, Rep.","KOR","South Korea"
10,"Rural Population %","XKX","Kosovo","XKX","Kosovo"
10,"Rural Population %","KWT","Kuwait","KWT","Kuwait"
10,"Rural Population %","KGZ","Kyrgyz Republic","KGZ","Kyrgyz Republic"
10,"Rural Population %","LAO","Lao PDR","LAO","Laos"
10,"Rural Population %","LVA","Latvia","LVA","Latvia"
10,"Rural Population %","LBN","Lebanon","LBN","Lebanon"
10,"Rural Population %","LSO","Lesotho","LSO","Lesotho"
10,"Rural Population %","LBR","Liberia","LBR","Liberia"
10,"Rural Population %","LBY","Libya","LBY","Libya"
10,"Rural Population %","LIE","Liechtenstein","LIE","Liechtenstein"
10,"Rural Population %","LTU","Lithuania","LTU","Lithuania"
10,"Rural Population %","LUX","Luxembourg","LUX","Luxembourg"
10,"Rural Population %","MAC","Macao SAR, China","MAC","Macao SAR China"
10,"Rural Population %","MDG","Madagascar","MDG","Madagascar"
10,"Rural Population %","MWI","Malawi","MWI","Malawi"
10,"Rural Population %","MYS","Malaysia","MYS","Malaysia"
10,"Rural Population %","MDV","Maldives","MDV","Maldives"
10,"Rural Population %","MLI","Mali","MLI","Mali"
10,"Rural Population %","MLT","Malta","MLT","Malta"
10,"Rural Population %","MHL","Marshall Islands","MHL","Marshall Islands"
10,"Rural Population %","MRT","Mauritania","MRT","Mauritania"
10,"Rural Population %","MUS","Mauritius","MUS","Mauritius"
10,"Rural Population %","MEX","Mexico","MEX","Mexico"
10,"Rural Population %","FSM","Micronesia, Fed. Sts.","FSM","Micronesia (Federated States of)"
10,"Rural Population %","MDA","Moldova","MDA","Moldova"
10,"Rural Population %","MCO","Monaco","MCO","Monaco"
10,"Rural Population %","MNG","Mongolia","MNG","Mongolia"
10,"Rural Population %","MNE","Montenegro","MNE","Montenegro"
10,"Rural Population %","MAR","Morocco","MAR","Morocco"
10,"Rural Population %","MOZ","Mozambique","MOZ","Mozambique"
10,"Rural Population %","MMR","Myanmar","MMR","Myanmar (Burma)"
10,"Rural Population %","NAM","Namibia","NAM","Namibia"
10,"Rural Population %","NRU","Nauru","NRU","Nauru"
10,"Rural Population %","NPL","Nepal","NPL","Nepal"
10,"Rural Population %","NLD","Netherlands","NLD","Netherlands"
10,"Rural Population %","NCL","New Caledonia","NCL","New Caledonia"
10,"Rural Population %","NZL","New Zealand","NZL","New Zealand"
10,"Rural Population %","NIC","Nicaragua","NIC","Nicaragua"
10,"Rural Population %","NER","Niger","NER","Niger"
10,"Rural Population %","NGA","Nigeria","NGA","Nigeria"
10,"Rural Population %","MKD","North Macedonia","MKD","North Macedonia"
10,"Rural Population %","MNP","Northern Mariana Islands","MNP","Northern Mariana Islands"
10,"Rural Population %","NOR","Norway","NOR","Norway"
10,"Rural Population %","OMN","Oman","OMN","Oman"
10,"Rural Population %","PAK","Pakistan","PAK","Pakistan"
10,"Rural Population %","PLW","Palau","PLW","Palau"
10,"Rural Population %","PAN","Panama","PAN","Panama"
10,"Rural Population %","PNG","Papua New Guinea","PNG","Papua New Guinea"
10,"Rural Population %","PRY","Paraguay","PRY","Paraguay"
10,"Rural Population %","PER","Peru","PER","Peru"
10,"Rural Population %","PHL","Philippines","PHL","Philippines"
10,"Rural Population %","POL","Poland","POL","Poland"
10,"Rural Population %","PRT","Portugal","PRT","Portugal"
10,"Rural Population %","PRI","Puerto Rico (US)","PRI","Puerto Rico"
10,"Rural Population %","QAT","Qatar","QAT","Qatar"
10,"Rural Population %","ROU","Romania","ROU","Romania"
10,"Rural Population %","RUS","Russian Federation","RUS","Russia"
10,"Rural Population %","RWA","Rwanda","RWA","Rwanda"
10,"Rural Population %","WSM","Samoa","WSM","Samoa"
10,"Rural Population %","SMR","San Marino","SMR","San Marino"
10,"Rural Population %","STP","Sao Tome and Principe","STP","São Tomé & Príncipe"
10,"Rural Population %","SAU","Saudi Arabia","SAU","Saudi Arabia"
10,"Rural Population %","SEN","Senegal","SEN","Senegal"
10,"Rural Population %","SRB","Serbia","SRB","Serbia"
10,"Rural Population %","SYC","Seychelles","SYC","Seychelles"
10,"Rural Population %","SLE","Sierra Leone","SLE","Sierra Leone"
10,"Rural Population %","SGP","Singapore","SGP","Singapore"
10,"Rural Population %","SXM","Sint Maarten (Dutch part)","SXM","Sint Maarten"
10,"Rural Population %","SVK","Slovak Republic","SVK","Slovakia"
10,"Rural Population %","SVN","Slovenia","SVN","Slovenia"
10,"Rural Population %","SLB","Solomon Islands","SLB","Solomon Islands"
10,"Rural Population %","SOM","Somalia, Fed. Rep.","SOM","Somalia"
10,"Rural Population %","ZAF","South Africa","ZAF","South Africa"
10,"Rural Population %","SSD","South Sudan","SSD","South Sudan"
10,"Rural Population %","ESP","Spain","ESP","Spain"
10,"Rural Population %","LKA","Sri Lanka","LKA","Sri Lanka"
10,"Rural Population %","KNA","St. Kitts and Nevis","KNA","St. Kitts & Nevis"
10,"Rural Population %","LCA","St. Lucia","LCA","St. Lucia"
10,"Rural Population %","MAF","St. Martin (French part)","MAF","Saint Martin (French part)"
10,"Rural Population %","VCT","St. Vincent and the Grenadines","VCT","St. Vincent & Grenadines"
10,"Rural Population %","SDN","Sudan","SDN","Sudan"
10,"Rural Population %","SUR","Suriname","SUR","Suriname"
10,"Rural Population %","SWE","Sweden","SWE","Sweden"
10,"Rural Population %","CHE","Switzerland","CHE","Switzerland"
10,"Rural Population %","SYR","Syrian Arab Republic","SYR","Syria"
10,"Rural Population %","TJK","Tajikistan","TJK","Tajikistan"
10,"Rural Population %","TZA","Tanzania","TZA","Tanzania"
10,"Rural Population %","THA","Thailand","THA","Thailand"
10,"Rural Population %","TLS","Timor-Leste","TLS","Timor-Leste"
10,"Rural Population %","TGO","Togo","TGO","Togo"
10,"Rural Population %","TON","Tonga","TON","Tonga"
10,"Rural Population %","TTO","Trinidad and Tobago","TTO","Trinidad & Tobago"
10,"Rural Population %","TUN","Tunisia","TUN","Tunisia"
10,"Rural Population %","TUR","Turkiye","TUR","Turkey"
10,"Rural Population %","TKM","Turkmenistan","TKM","Turkmenistan"
10,"Rural Population %","TCA","Turks and Caicos Islands","TCA","Turks & Caicos Islands"
10,"Rural Population %","TUV","Tuvalu","TUV","Tuvalu"
10,"Rural Population %","UGA","Uganda","UGA","Uganda"
10,"Rural Population %","UKR","Ukraine","UKR","Ukraine"
10,"Rural Population %","ARE","United Arab Emirates","ARE","United Arab Emirates"
10,"Rural Population %","GBR","United Kingdom","GBR","United Kingdom"
10,"Rural Population %","USA","United States","USA","United States"
10,"Rural Population %","URY","Uruguay","URY","Uruguay"
10,"Rural Population %","UZB","Uzbekistan","UZB","Uzbekistan"
10,"Rural Population %","VUT","Vanuatu","VUT","Vanuatu"
10,"Rural Population %","VEN","Venezuela, RB","VEN","Venezuela"
10,"Rural Population %","VNM","Viet Nam","VNM","Vietnam"
10,"Rural Population %","VIR","Virgin Islands (U.S.)","VIR","U.S. Virgin Islands"
10,"Rural Population %","PSE","West Bank and Gaza","PSE","West Bank and Gaza"
10,"Rural Population %","YEM","Yemen, Rep.","YEM","Yemen"
10,"Rural Population %","ZMB","Zambia","ZMB","Zambia"
10,"Rural Population %","ZWE","Zimbabwe","ZWE","Zimbabwe"
11,"Research and Development Expenditure","AFG","Afghanistan","AFG","Afghanistan"
11,"Research and Development Expenditure","ALB","Albania","ALB","Albania"
11,"Research and Development Expenditure","DZA","Algeria","DZA","Algeria"
11,"Research and Development Expenditure","ASM","American Samoa","ASM","American Samoa"
11,"Research and Development Expenditure","AND","Andorra","AND","Andorra"
11,"Research and Development Expenditure","AGO","Angola","AGO","Angola"
11,"Research and Development Expenditure","ATG","Antigua and Barbuda","ATG","Antigua & Barbuda"
11,"Research and Development Expenditure","ARG","Argentina","ARG","Argentina"
11,"Research and Development Expenditure","ARM","Armenia","ARM","Armenia"
11,"Research and Development Expenditure","ABW","Aruba","ABW","Aruba"
11,"Research and Development Expenditure","AUS","Australia","AUS","Australia"
11,"Research and Development Expenditure","AUT","Austria","AUT","Austria"
11,"Research and Development Expenditure","AZE","Azerbaijan","AZE","Azerbaijan"
11,"Research and Development Expenditure","BHS","Bahamas, The","BHS","Bahamas"
11,"Research and Development Expenditure","BHR","Bahrain","BHR","Bahrain"
11,"Research and Development Expenditure","BGD","Bangladesh","BGD","Bangladesh"
11,"Research and Development Expenditure","BRB","Barbados","BRB","Barbados"
11,"Research and Development Expenditure","BLR","Belarus","BLR","Belarus"
11,"Research and Development Expenditure","BEL","Belgium","BEL","Belgium"
11,"Research and Development Expenditure","BLZ","Belize","BLZ","Belize"
11,"Research and Development Expenditure","BEN","Benin","BEN","Benin"
11,"Research and Development Expenditure","BMU","Bermuda","BMU","Bermuda"
11,"Research and Development Expenditure","BTN","Bhutan","BTN","Bhutan"
11,"Research and Development Expenditure","BOL","Bolivia","BOL","Bolivia"
11,"Research and Development Expenditure","BIH","Bosnia and Herzegovina","BIH","Bosnia & Herzegovina"
11,"Research and Development Expenditure","BWA","Botswana","BWA","Botswana"
11,"Research and Development Expenditure","BRA","Brazil","BRA","Brazil"
11,"Research and Development Expenditure","VGB","British Virgin Islands","VGB","British Virgin Islands"
11,"Research and Development Expenditure","BRN","Brunei Darussalam","BRN","Brunei"
11,"Research and Development Expenditure","BGR","Bulgaria","BGR","Bulgaria"
11,"Research and Development Expenditure","BFA","Burkina Faso","BFA","Burkina Faso"
11,"Research and Development Expenditure","BDI","Burundi","BDI","Burundi"
11,"Research and Development Expenditure","CPV","Cabo Verde","CPV","Cape Verde"
11,"Research and Development Expenditure","KHM","Cambodia","KHM","Cambodia"
11,"Research and Development Expenditure","CMR","Cameroon","CMR","Cameroon"
11,"Research and Development Expenditure","CAN","Canada","CAN","Canada"
11,"Research and Development Expenditure","CYM","Cayman Islands","CYM","Cayman Islands"
11,"Research and Development Expenditure","CAF","Central African Republic","CAF","Central African Republic"
11,"Research and Development Expenditure","TCD","Chad","TCD","Chad"
11,"Research and Development Expenditure","CHI","Channel Islands","CHI","Channel Islands"
11,"Research and Development Expenditure","CHL","Chile","CHL","Chile"
11,"Research and Development Expenditure","CHN","China","CHN","China"
11,"Research and Development Expenditure","COL","Colombia","COL","Colombia"
11,"Research and Development Expenditure","COM","Comoros","COM","Comoros"
11,"Research and Development Expenditure","COD","Congo, Dem. Rep.","COD","Congo (Kinshasa)"
11,"Research and Development Expenditure","COG","Congo, Rep.","COG","Congo - Brazzaville"
11,"Research and Development Expenditure","CRI","Costa Rica","CRI","Costa Rica"
11,"Research and Development Expenditure","CIV","Cote d'Ivoire","CIV","Côte d’Ivoire"
11,"Research and Development Expenditure","HRV","Croatia","HRV","Croatia"
11,"Research and Development Expenditure","CUB","Cuba","CUB","Cuba"
11,"Research and Development Expenditure","CUW","Curacao","CUW","Curaçao"
11,"Research and Development Expenditure","CYP","Cyprus","CYP","Cyprus"
11,"Research and Development Expenditure","CZE","Czechia","CZE","Czechia"
11,"Research and Development Expenditure","DNK","Denmark","DNK","Denmark"
11,"Research and Development Expenditure","DJI","Djibouti","DJI","Djibouti"
11,"Research and Development Expenditure","DMA","Dominica","DMA","Dominica"
11,"Research and Development Expenditure","DOM","Dominican Republic","DOM","Dominican Republic"
11,"Research and Development Expenditure","ECU","Ecuador","ECU","Ecuador"
11,"Research and Development Expenditure","EGY","Egypt, Arab Rep.","EGY","Egypt"
11,"Research and Development Expenditure","SLV","El Salvador","SLV","El Salvador"
11,"Research and Development Expenditure","GNQ","Equatorial Guinea","GNQ","Equatorial Guinea"
11,"Research and Development Expenditure","ERI","Eritrea","ERI","Eritrea"
11,"Research and Development Expenditure","EST","Estonia","EST","Estonia"
11,"Research and Development Expenditure","SWZ","Eswatini","SWZ","Eswatini"
11,"Research and Development Expenditure","ETH","Ethiopia","ETH","Ethiopia"
11,"Research and Development Expenditure","FRO","Faroe Islands","FRO","Faroe Islands"
11,"Research and Development Expenditure","FJI","Fiji","FJI","Fiji"
11,"Research and Development Expenditure","FIN","Finland","FIN","Finland"
11,"Research and Development Expenditure","FRA","France","FRA","France"
11,"Research and Development Expenditure","PYF","French Polynesia","PYF","French Polynesia"
11,"Research and Development Expenditure","GAB","Gabon","GAB","Gabon"
11,"Research and Development Expenditure","GMB","Gambia, The","GMB","Gambia"
11,"Research and Development Expenditure","GEO","Georgia","GEO","Georgia"
11,"Research and Development Expenditure","DEU","Germany","DEU","Germany"
11,"Research and Development Expenditure","GHA","Ghana","GHA","Ghana"
11,"Research and Development Expenditure","GIB","Gibraltar","GIB","Gibraltar"
11,"Research and Development Expenditure","GRC","Greece","GRC","Greece"
11,"Research and Development Expenditure","GRL","Greenland","GRL","Greenland"
11,"Research and Development Expenditure","GRD","Grenada","GRD","Grenada"
11,"Research and Development Expenditure","GUM","Guam","GUM","Guam"
11,"Research and Development Expenditure","GTM","Guatemala","GTM","Guatemala"
11,"Research and Development Expenditure","GIN","Guinea","GIN","Guinea"
11,"Research and Development Expenditure","GNB","Guinea-Bissau","GNB","Guinea-Bissau"
11,"Research and Development Expenditure","GUY","Guyana","GUY","Guyana"
11,"Research and Development Expenditure","HTI","Haiti","HTI","Haiti"
11,"Research and Development Expenditure","HND","Honduras","HND","Honduras"
11,"Research and Development Expenditure","HKG","Hong Kong SAR, China","HKG","Hong Kong SAR China"
11,"Research and Development Expenditure","HUN","Hungary","HUN","Hungary"
11,"Research and Development Expenditure","ISL","Iceland","ISL","Iceland"
11,"Research and Development Expenditure","IND","India","IND","India"
11,"Research and Development Expenditure","IDN","Indonesia","IDN","Indonesia"
11,"Research and Development Expenditure","IRN","Iran, Islamic Rep.","IRN","Iran, Islamic Rep."
11,"Research and Development Expenditure","IRQ","Iraq","IRQ","Iraq"
11,"Research and Development Expenditure","IRL","Ireland","IRL","Ireland"
11,"Research and Development Expenditure","IMN","Isle of Man","IMN","Isle of Man"
11,"Research and Development Expenditure","ISR","Israel","ISR","Israel"
11,"Research and Development Expenditure","ITA","Italy","ITA","Italy"
11,"Research and Development Expenditure","JAM","Jamaica","JAM","Jamaica"
11,"Research and Development Expenditure","JPN","Japan","JPN","Japan"
11,"Research and Development Expenditure","JOR","Jordan","JOR","Jordan"
11,"Research and Development Expenditure","KAZ","Kazakhstan","KAZ","Kazakhstan"
11,"Research and Development Expenditure","KEN","Kenya","KEN","Kenya"
11,"Research and Development Expenditure","KIR","Kiribati","KIR","Kiribati"
11,"Research and Development Expenditure","PRK","Korea, Dem. People's Rep.","PRK","North Korea"
11,"Research and Development Expenditure","KOR","Korea, Rep.","KOR","South Korea"
11,"Research and Development Expenditure","XKX","Kosovo","XKX","Kosovo"
11,"Research and Development Expenditure","KWT","Kuwait","KWT","Kuwait"
11,"Research and Development Expenditure","KGZ","Kyrgyz Republic","KGZ","Kyrgyz Republic"
11,"Research and Development Expenditure","LAO","Lao PDR","LAO","Laos"
11,"Research and Development Expenditure","LVA","Latvia","LVA","Latvia"
11,"Research and Development Expenditure","LBN","Lebanon","LBN","Lebanon"
11,"Research and Development Expenditure","LSO","Lesotho","LSO","Lesotho"
11,"Research and Development Expenditure","LBR","Liberia","LBR","Liberia"
11,"Research and Development Expenditure","LBY","Libya","LBY","Libya"
11,"Research and Development Expenditure","LIE","Liechtenstein","LIE","Liechtenstein"
11,"Research and Development Expenditure","LTU","Lithuania","LTU","Lithuania"
11,"Research and Development Expenditure","LUX","Luxembourg","LUX","Luxembourg"
11,"Research and Development Expenditure","MAC","Macao SAR, China","MAC","Macao SAR China"
11,"Research and Development Expenditure","MDG","Madagascar","MDG","Madagascar"
11,"Research and Development Expenditure","MWI","Malawi","MWI","Malawi"
11,"Research and Development Expenditure","MYS","Malaysia","MYS","Malaysia"
11,"Research and Development Expenditure","MDV","Maldives","MDV","Maldives"
11,"Research and Development Expenditure","MLI","Mali","MLI","Mali"
11,"Research and Development Expenditure","MLT","Malta","MLT","Malta"
11,"Research and Development Expenditure","MHL","Marshall Islands","MHL","Marshall Islands"
11,"Research and Development Expenditure","MRT","Mauritania","MRT","Mauritania"
11,"Research and Development Expenditure","MUS","Mauritius","MUS","Mauritius"
11,"Research and Development Expenditure","MEX","Mexico","MEX","Mexico"
11,"Research and Development Expenditure","FSM","Micronesia, Fed. Sts.","FSM","Micronesia (Federated States of)"
11,"Research and Development Expenditure","MDA","Moldova","MDA","Moldova"
11,"Research and Development Expenditure","MCO","Monaco","MCO","Monaco"
11,"Research and Development Expenditure","MNG","Mongolia","MNG","Mongolia"
11,"Research and Development Expenditure","MNE","Montenegro","MNE","Montenegro"
11,"Research and Development Expenditure","MAR","Morocco","MAR","Morocco"
11,"Research and Development Expenditure","MOZ","Mozambique","MOZ","Mozambique"
11,"Research and Development Expenditure","MMR","Myanmar","MMR","Myanmar (Burma)"
11,"Research and Development Expenditure","NAM","Namibia","NAM","Namibia"
11,"Research and Development Expenditure","NRU","Nauru","NRU","Nauru"
11,"Research and Development Expenditure","NPL","Nepal","NPL","Nepal"
11,"Research and Development Expenditure","NLD","Netherlands","NLD","Netherlands"
11,"Research and Development Expenditure","NCL","New Caledonia","NCL","New Caledonia"
11,"Research and Development Expenditure","NZL","New Zealand","NZL","New Zealand"
11,"Research and Development Expenditure","NIC","Nicaragua","NIC","Nicaragua"
11,"Research and Development Expenditure","NER","Niger","NER","Niger"
11,"Research and Development Expenditure","NGA","Nigeria","NGA","Nigeria"
11,"Research and Development Expenditure","MKD","North Macedonia","MKD","North Macedonia"
11,"Research and Development Expenditure","MNP","Northern Mariana Islands","MNP","Northern Mariana Islands"
11,"Research and Development Expenditure","NOR","Norway","NOR","Norway"
11,"Research and Development Expenditure","OMN","Oman","OMN","Oman"
11,"Research and Development Expenditure","PAK","Pakistan","PAK","Pakistan"
11,"Research and Development Expenditure","PLW","Palau","PLW","Palau"
11,"Research and Development Expenditure","PAN","Panama","PAN","Panama"
11,"Research and Development Expenditure","PNG","Papua New Guinea","PNG","Papua New Guinea"
11,"Research and Development Expenditure","PRY","Paraguay","PRY","Paraguay"
11,"Research and Development Expenditure","PER","Peru","PER","Peru"
11,"Research and Development Expenditure","PHL","Philippines","PHL","Philippines"
11,"Research and Development Expenditure","POL","Poland","POL","Poland"
11,"Research and Development Expenditure","PRT","Portugal","PRT","Portugal"
11,"Research and Development Expenditure","PRI","Puerto Rico (US)","PRI","Puerto Rico"
11,"Research and Development Expenditure","QAT","Qatar","QAT","Qatar"
11,"Research and Development Expenditure","ROU","Romania","ROU","Romania"
11,"Research and Development Expenditure","RUS","Russian Federation","RUS","Russia"
11,"Research and Development Expenditure","RWA","Rwanda","RWA","Rwanda"
11,"Research and Development Expenditure","WSM","Samoa","WSM","Samoa"
11,"Research and Development Expenditure","SMR","San Marino","SMR","San Marino"
11,"Research and Development Expenditure","STP","Sao Tome and Principe","STP","São Tomé & Príncipe"
11,"Research and Development Expenditure","SAU","Saudi Arabia","SAU","Saudi Arabia"
11,"Research and Development Expenditure","SEN","Senegal","SEN","Senegal"
11,"Research and Development Expenditure","SRB","Serbia","SRB","Serbia"
11,"Research and Development Expenditure","SYC","Seychelles","SYC","Seychelles"
11,"Research and Development Expenditure","SLE","Sierra Leone","SLE","Sierra Leone"
11,"Research and Development Expenditure","SGP","Singapore","SGP","Singapore"
11,"Research and Development Expenditure","SXM","Sint Maarten (Dutch part)","SXM","Sint Maarten"
11,"Research and Development Expenditure","SVK","Slovak Republic","SVK","Slovakia"
11,"Research and Development Expenditure","SVN","Slovenia","SVN","Slovenia"
11,"Research and Development Expenditure","SLB","Solomon Islands","SLB","Solomon Islands"
11,"Research and Development Expenditure","SOM","Somalia, Fed. Rep.","SOM","Somalia"
11,"Research and Development Expenditure","ZAF","South Africa","ZAF","South Africa"
11,"Research and Development Expenditure","SSD","South Sudan","SSD","South Sudan"
11,"Research and Development Expenditure","ESP","Spain","ESP","Spain"
11,"Research and Development Expenditure","LKA","Sri Lanka","LKA","Sri Lanka"
11,"Research and Development Expenditure","KNA","St. Kitts and Nevis","KNA","St. Kitts & Nevis"
11,"Research and Development Expenditure","LCA","St. Lucia","LCA","St. Lucia"
11,"Research and Development Expenditure","MAF","St. Martin (French part)","MAF","Saint Martin (French part)"
11,"Research and Development Expenditure","VCT","St. Vincent and the Grenadines","VCT","St. Vincent & Grenadines"
11,"Research and Development Expenditure","SDN","Sudan","SDN","Sudan"
11,"Research and Development Expenditure","SUR","Suriname","SUR","Suriname"
11,"Research and Development Expenditure","SWE","Sweden","SWE","Sweden"
11,"Research and Development Expenditure","CHE","Switzerland","CHE","Switzerland"
11,"Research and Development Expenditure","SYR","Syrian Arab Republic","SYR","Syria"
11,"Research and Development Expenditure","TJK","Tajikistan","TJK","Tajikistan"
11,"Research and Development Expenditure","TZA","Tanzania","TZA","Tanzania"
11,"Research and Development Expenditure","THA","Thailand","THA","Thailand"
11,"Research and Development Expenditure","TLS","Timor-Leste","TLS","Timor-Leste"
11,"Research and Development Expenditure","TGO","Togo","TGO","Togo"
11,"Research and Development Expenditure","TON","Tonga","TON","Tonga"
11,"Research and Development Expenditure","TTO","Trinidad and Tobago","TTO","Trinidad & Tobago"
11,"Research and Development Expenditure","TUN","Tunisia","TUN","Tunisia"
11,"Research and Development Expenditure","TUR","Turkiye","TUR","Turkey"
11,"Research and Development Expenditure","TKM","Turkmenistan","TKM","Turkmenistan"
11,"Research and Development Expenditure","TCA","Turks and Caicos Islands","TCA","Turks & Caicos Islands"
11,"Research and Development Expenditure","TUV","Tuvalu","TUV","Tuvalu"
11,"Research and Development Expenditure","UGA","Uganda","UGA","Uganda"
11,"Research and Development Expenditure","UKR","Ukraine","UKR","Ukraine"
11,"Research and Development Expenditure","ARE","United Arab Emirates","ARE","United Arab Emirates"
11,"Research and Development Expenditure","GBR","United Kingdom","GBR","United Kingdom"
11,"Research and Development Expenditure","USA","United States","USA","United States"
11,"Research and Development Expenditure","URY","Uruguay","URY","Uruguay"
11,"Research and Development Expenditure","UZB","Uzbekistan","UZB","Uzbekistan"
11,"Research and Development Expenditure","VUT","Vanuatu","VUT","Vanuatu"
11,"Research and Development Expenditure","VEN","Venezuela, RB","VEN","Venezuela"
11,"Research and Development Expenditure","VNM","Viet Nam","VNM","Vietnam"
11,"Research and Development Expenditure","VIR","Virgin Islands (U.S.)","VIR","U.S. Virgin Islands"
11,"Research and Development Expenditure","PSE","West Bank and Gaza","PSE","West Bank and Gaza"
11,"Research and Development Expenditure","YEM","Yemen, Rep.","YEM","Yemen"
11,"Research and Development Expenditure","ZMB","Zambia","ZMB","Zambia"
11,"Research and Development Expenditure","ZWE","Zimbabwe","ZWE","Zimbabwe"
